,DonorID,cell ID,stainingbyinsulin,treatment,knockdownbyqPCR_%,preincubation,Timefromtrasfection_days,Glucose_mM,CellSize_pF,TotalCapacitance_fF,NormalizedTotalCapacitance_fF/pF,FirstDepolarizationCapacitance_fF,NormalizedFirstDepolarizationCapacitance_fF/pF,LateDepolarizationCapacitance,NormalizedLateDepolarizationCapacitance,CalciumIntegralatFirstDepolarization_pC,CalciumIntegralNormalizedtoCellSize_pC/pF,CapacitanceNormalizedtoCalcium_fF/pC,PeakSodiumCurrentAmplitudeat-10mV_pA,NormalizedPeakSodiumCurrentAmplitude_pA/pF,SodiumChannelConductance_pS,NormalizedSodiumChannelConductance_pS/pF,HalfInactivationSodiumCurrent_mV,HalfInactivationCaCurrent_mV,EarlyPeakCalciumCurrentAmplitudeat-10mV_pA,NormalizedEarlyPeakCalciumCurrentAmplitude_pA/pF,EarlyCalciumChannelConductance_pS,NormalizedEarlyCalciumChannelConductance_pS/pF,LateCalciumChannelConductance_pS,NormalizedLateCalciumChannelConductance_pS/pF,ReversalPotentialbyramp_mV
0,R278,20180823_1,ins+,control,0,YES,2.0,10.0,5.19,45.78,8.82,16.99,3.27,28.79,5.55,-5.14,-0.99,3.31,-64.3,-12.39,1592.0,306.74,,,-7.83,-1.51,784.3,151.12,242.3,46.69,
1,R278,20180823_2,ins+,control,,YES,2.0,10.0,6.62,341.06,51.52,17.11,2.59,323.94,48.93,-0.56,-0.08,30.56,-109.0,-16.47,3091.0,466.92,,,-39.2,-5.92,1096.0,165.56,64.8,9.79,
2,R278,20180823_3,ins+,control,,YES,2.0,10.0,8.18,688.97,84.23,126.65,15.48,562.32,68.74,-1.22,-0.15,103.81,-139.0,-16.99,2558.0,312.71,,,-52.4,-6.41,1558.0,190.46,568.8,69.54,
3,R278,20180823_4,ins+,control,,YES,2.0,10.0,13.0,303.07,23.31,25.92,1.99,277.15,21.32,-12.34,-0.95,2.1,-225.0,-17.31,3876.0,298.15,,,-79.8,-6.14,1626.0,125.08,656.0,50.46,
4,R278,20180823_5,ins+,control,,YES,2.0,10.0,5.08,130.29,25.65,38.7,7.62,91.59,18.03,-3.27,-0.64,11.83,-17.7,-3.48,421.3,82.93,,,-19.9,-3.92,627.5,123.52,183.1,36.04,
5,R278,20180823_6,ins+,control,,YES,2.0,10.0,13.3,274.27,20.62,63.06,4.74,211.21,15.88,-3.11,-0.23,20.28,-375.0,-28.2,6644.0,499.55,,,-105.0,-7.89,2357.0,177.22,382.6,28.77,
6,R278,20180823_7,ins+,control,,YES,2.0,10.0,6.24,524.12,83.99,96.88,15.53,427.24,68.47,-0.13,-0.02,745.21,-85.1,-13.64,2070.0,331.73,,,-43.4,-6.96,1267.0,203.04,648.1,103.86,
7,R278,20180823_8,ins -,control,,YES,2.0,10.0,4.39,33.2,7.56,6.1,1.39,27.1,6.17,,,,-75.1,-17.11,1855.0,422.55,,,-29.2,-6.65,926.1,210.96,272.4,62.05,
8,R278,20180823_10,ins+,control,,YES,2.0,10.0,5.35,341.72,63.87,28.58,5.34,313.14,58.53,,,,-195.0,-36.45,3712.0,693.83,,,-27.9,-5.21,724.4,135.4,252.9,47.27,
9,R278,20180824_17,ins+,control,,YES,3.0,10.0,8.17,186.04,22.77,34.47,4.22,151.57,18.55,-3.13,-0.38,11.01,-115.0,-14.08,2409.0,294.86,,,-71.9,-8.8,3393.0,415.3,162.1,19.84,
10,R278,20180824_18,ins+,control,,YES,3.0,10.0,6.93,171.21,24.7,18.07,2.61,153.14,22.1,-3.86,-0.56,4.68,-66.0,-9.52,1229.0,177.34,,,-51.2,-7.39,1499.0,216.31,221.0,31.89,
11,R278,20180824_39,ins+,control,,YES,3.0,10.0,8.91,496.79,55.76,39.41,4.42,457.38,51.33,-1.03,-0.12,38.26,-71.0,-7.97,1690.0,189.67,,,-38.6,-4.33,1227.0,137.71,119.7,13.43,
12,R278,20180824_40,ins+,control,,YES,3.0,10.0,8.86,148.8,16.79,31.69,3.58,117.11,13.22,-0.77,-0.09,41.16,-442.0,-49.89,7006.0,790.74,,,-98.2,-11.08,3077.0,347.29,102.6,11.58,
13,R278,20180824_41,ins+,control,,YES,3.0,10.0,6.72,405.3,60.31,85.31,12.69,319.99,47.62,-8.8,-1.31,9.69,-69.7,-10.37,1141.0,169.79,,,-37.3,-5.55,1020.0,151.79,345.2,51.37,
28,R278,20180823_16,ins+,siOgdhl,80.7,YES,2.0,10.0,8.9,100.35,11.27,9.4,1.06,90.94,10.22,-4.69,-0.53,2.01,-63.7,-7.16,1783.0,200.34,,,-43.6,-4.9,1223.0,137.42,561.4,63.08,
29,R278,20180823_17,ins+,siOgdhl,,YES,2.0,10.0,8.7,167.37,19.24,13.8,1.59,153.57,17.65,-0.13,-0.01,106.13,-88.9,-10.22,1530.0,175.86,,,-28.8,-3.31,668.7,76.86,56.4,6.48,
30,R278,20180823_18,ins+,siOgdhl,,YES,2.0,10.0,6.87,35.69,5.19,17.09,2.49,18.59,2.71,-0.34,-0.05,50.28,-67.0,-9.75,1544.0,224.75,,,-26.6,-3.87,709.8,103.32,91.6,13.33,
31,R278,20180823_19,ins+,siOgdhl,,YES,2.0,10.0,7.26,81.16,11.18,10.3,1.42,70.86,9.76,-0.2,-0.03,51.52,-47.1,-6.49,884.0,121.76,,,-24.8,-3.42,599.5,82.58,148.9,20.51,
32,R278,20180823_20,ins+,siOgdhl,,YES,2.0,10.0,12.4,23.07,1.86,-10.03,-0.81,33.09,2.67,-4.13,-0.33,-2.43,-446.0,-35.97,6457.0,520.73,,,-150.0,-12.1,4482.0,361.45,288.7,23.28,
33,R278,20180824_1,ins+,siOgdhl,,YES,3.0,10.0,7.89,217.62,27.58,4.7,0.6,212.92,26.99,-8.74,-1.11,0.54,-238.0,-30.16,4589.0,581.62,,,-96.4,-12.22,2145.0,271.86,898.5,113.88,
34,R278,20180824_2,ins+,siOgdhl,,YES,3.0,10.0,6.59,-39.29,-5.96,-0.2,-0.03,-39.09,-5.93,-0.9,-0.14,-0.22,-49.2,-7.47,1278.0,193.93,,,-24.8,-3.76,939.1,142.5,112.0,17.0,
35,R278,20180824_3,ins+,siOgdhl,,YES,3.0,10.0,7.26,-13.5,-1.86,-0.1,-0.01,-13.4,-1.85,-5.8,-0.8,-0.02,-31.2,-4.3,1006.0,138.57,,,-39.1,-5.39,1024.0,141.05,539.8,74.35,
36,R278,20180824_4,ins+,siOgdhl,,YES,3.0,10.0,9.57,-38.31,-4.0,3.7,0.39,-42.01,-4.39,-0.11,-0.01,33.65,-71.3,-7.45,1575.0,164.58,,,-32.2,-3.36,638.1,66.68,585.1,61.14,
37,R278,20180824_5,ins+,siOgdhl,,YES,3.0,10.0,8.57,-11.6,-1.35,-1.0,-0.12,-10.6,-1.24,-0.03,0.0,-33.32,-74.9,-8.74,1489.0,173.75,,,-23.0,-2.68,421.3,49.16,215.5,25.15,
38,R278,20180824_19,lost,siOgdhl,,YES,3.0,10.0,9.41,-13.3,-1.41,-19.91,-2.12,6.6,0.7,,,,-47.7,-5.07,1313.0,139.53,,,-28.6,-3.04,1347.0,143.15,264.3,28.09,
39,R278,20180824_20,ins+,siOgdhl,,YES,3.0,10.0,8.85,190.11,21.48,12.79,1.45,177.32,20.04,,,,-24.6,-2.78,603.2,68.16,,,-10.4,-1.18,311.5,35.2,0.0,0.0,
40,R278,20180824_22,lost,siOgdhl,,YES,3.0,10.0,11.6,283.0,24.4,22.08,1.9,260.92,22.49,-0.05,0.0,441.56,-109.0,-9.4,2220.0,191.38,,,-38.5,-3.32,1770.0,152.59,103.9,8.96,
41,R278,20180824_23,ins+,siOgdhl,,YES,3.0,10.0,6.84,-1.5,-0.22,-2.1,-0.31,0.6,0.09,-0.04,-0.01,-52.48,-104.0,-15.2,1985.0,290.2,,,-43.8,-6.4,1188.0,173.68,99.6,14.56,
42,R278,20180824_24,ins+,siOgdhl,,YES,3.0,10.0,6.78,9.2,1.36,-3.6,-0.53,12.8,1.89,-0.79,-0.12,-4.56,-97.2,-14.34,1896.0,279.65,,,-18.0,-2.65,965.4,142.39,182.3,26.89,
60,H2182,20180907_1,ins+,control,0,YES,2.0,10.0,3.89,168.09,43.21,79.16,20.35,88.93,22.86,-1.94,-0.5,-40.8,-25.0,-6.43,815.2,209.56,,,-23.3,-5.99,933.0,239.85,611.4,157.17,
61,H2182,20180907_2,ins+,control,,YES,2.0,10.0,4.26,316.18,74.22,94.44,22.17,221.73,52.05,-4.21,-0.99,-22.43,-69.0,-16.2,1245.0,292.25,,,-22.4,-5.26,809.1,189.93,532.2,124.93,
62,H2182,20180907_3,ins+,control,,YES,2.0,10.0,4.88,318.18,65.2,125.56,25.73,192.61,39.47,-1.71,-0.35,-73.43,-58.1,-11.91,1338.0,274.18,,,-43.2,-8.85,1443.0,295.7,713.1,146.13,
63,H2182,20180907_4,ins+,control,,YES,2.0,10.0,8.21,208.12,25.35,79.47,9.68,128.65,15.67,-2.79,-0.34,-28.48,-204.0,-24.85,5436.0,662.12,,,-44.9,-5.47,2071.0,252.25,224.7,27.37,
64,H2182,20180907_6,ins+,control,,YES,2.0,10.0,7.74,113.86,14.71,27.32,3.53,86.53,11.18,-0.54,-0.07,-50.59,-16.7,-2.16,700.7,90.53,,,-17.4,-2.25,780.0,100.78,505.4,65.3,
65,H2182,20180907_7,ins+,control,,YES,2.0,10.0,9.85,218.28,22.16,67.67,6.87,150.61,15.29,-0.09,-0.01,-751.89,-8.4,-0.85,271.3,27.54,,,-16.2,-1.64,458.0,46.5,175.5,17.82,
66,H2182,20180907_8,ins+,control,,YES,2.0,10.0,9.8,896.5,91.48,98.0,10.0,798.5,81.48,-0.06,-0.01,-1633.33,-125.0,-12.76,2987.0,304.8,,,-32.5,-3.32,1448.0,147.76,11.0,1.12,
67,H2182,20180907_9,ins+,control,,YES,2.0,10.0,10.9,344.0,31.56,83.39,7.65,260.62,23.91,-0.2,-0.02,-416.95,-89.3,-8.19,2130.0,195.41,,,-14.7,-1.35,1166.0,106.97,115.6,10.61,
68,H2182,20180907_11,ins-,control,,YES,2.0,10.0,9.98,-4.19,-0.42,10.68,1.07,-14.87,-1.49,-0.07,-0.01,-152.57,-171.0,-17.13,3489.0,349.6,,,-39.1,-3.92,2530.0,253.51,195.7,19.61,
102,R281,2018_0910_11,ins+,control,0,YES,2.0,10.0,7.74,121.05,15.64,-13.31,-1.72,134.36,17.36,-0.08,-0.01,166.38,-215.0,-27.78,4944.0,638.76,,,-55.6,-7.18,2745.0,354.65,198.9,25.7,
103,R281,2018_0910_12,ins+,control,,YES,2.0,10.0,10.7,340.9,31.86,154.72,14.46,186.18,17.4,-1.25,-0.12,-123.78,-290.0,-27.1,4637.0,433.36,,,-94.0,-8.79,1879.0,175.61,1213.0,113.36,
104,R281,2018_0910_13,ins+,control,,YES,2.0,10.0,6.14,27.45,4.47,6.69,1.09,20.76,3.38,-0.2,-0.03,-33.45,,,,,,,,,,,,,
105,R281,2018_0910_14,ins+,control,,YES,2.0,10.0,9.65,263.54,27.31,4.73,0.49,258.81,26.82,-0.26,-0.03,-18.19,,,,,,,,,,,,,
106,R281,2018_0910_15,ins+,control,,YES,2.0,10.0,4.69,79.03,16.85,14.49,3.09,64.54,13.76,,,,,,,,,,,,,,,,
112,R282,2018_0918_1,ins+,control,0,YES,2.0,10.0,8.64,846.46,97.97,47.52,5.5,798.94,92.47,-5.94,-0.69,8.0,-87.3,-10.1,2581.0,298.73,,,-29.1,-3.37,771.0,89.24,,,
113,R282,2018_0918_2,ins+,control,,YES,2.0,10.0,5.93,110.18,18.58,8.18,1.38,102.0,17.2,-0.08,-0.01,102.25,-11.7,-1.97,538.1,90.74,,,-8.46,-1.43,158.7,26.76,,,
114,R282,2018_0918_5,ins+,siFam159b,84.8,YES,2.0,10.0,14.2,565.59,39.83,35.07,2.47,530.52,37.36,-0.06,-0.004,584.5,-84.9,-5.98,2018.0,142.11,,,-34.7,-2.44,1359.0,95.7,,,
115,R282,2018_0918_6,ins+,siFam159b,,YES,2.0,10.0,3.47,24.46,7.05,4.41,1.27,20.05,5.78,,,,-3.89,-1.12,87.7,25.27,,,-2.44,-0.7,55.6,16.02,,,
116,R282,2018_0918_7,ins+,siFam159b,,YES,2.0,10.0,10.7,262.9,24.57,29.85,2.79,233.05,21.78,-0.21,-0.02,142.14,-84.9,-7.93,2560.0,239.25,,,-23.1,-2.16,509.5,47.62,,,
117,R282,2018_0918_8,ins+,siFam159b,,YES,2.0,10.0,8.81,65.19,7.4,9.34,1.06,55.85,6.34,-0.09,-0.01,103.78,-10.3,-1.17,323.5,36.72,,,-5.59,-0.63,212.2,24.09,,,
118,R282,2018_0918_9,ins+,siFam159b,,YES,2.0,10.0,6.95,37.32,5.37,11.33,1.63,25.99,3.74,-0.03,-0.004,377.67,-16.4,-2.36,656.3,94.43,,,-4.96,-0.71,214.5,30.86,,,
119,R282,2018_0918_10,ins+,siFam159b,,YES,2.0,10.0,8.48,36.89,4.35,11.53,1.36,25.36,2.99,-0.31,-0.04,37.19,-35.5,-4.19,1054.0,124.29,,,-16.9,-1.99,676.0,79.72,,,
120,R282,2018_0918_11,ins+,siFam159b,,YES,2.0,10.0,8.0,241.92,30.24,48.08,6.01,193.84,24.23,-0.92,-0.11,52.26,-35.0,-4.38,941.3,117.66,,,-22.2,-2.78,1326.0,165.75,,,
126,R282,2018_0918_17,lost,control,,YES,2.0,10.0,7.76,112.68,14.52,41.59,5.36,71.09,9.16,-0.69,-0.09,60.28,-28.6,-3.69,852.3,109.83,,,-22.4,-2.89,674.1,86.87,,,
127,R282,2018_0918_18,ins+,control,,YES,2.0,10.0,7.23,105.63,14.61,8.89,1.23,96.74,13.38,-0.2,-0.03,44.45,-44.3,-6.13,1369.0,189.35,,,-16.4,-2.27,442.0,61.13,,,
128,R282,2018_0918_19,ins+,control,,YES,2.0,10.0,8.33,231.49,27.79,35.9,4.31,195.59,23.48,-1.53,-0.18,23.46,-43.5,-5.22,689.5,82.77,,,-20.5,-2.46,678.0,81.39,,,
129,R282,2018_0918_20,ins+,control,,YES,2.0,10.0,14.0,559.72,39.98,56.0,4.0,503.72,35.98,-0.17,-0.01,329.41,-49.2,-3.51,570.3,40.74,,,-24.7,-1.76,936.5,66.89,,,
130,R282,2018_0918_21,ins+,control,,YES,2.0,10.0,9.92,465.74,46.95,32.64,3.29,433.1,43.66,,,,-39.9,-4.02,1028.0,103.63,,,-11.7,-1.18,580.3,58.5,,,
131,R282,2018_0918_22,ins+,control,,YES,2.0,10.0,8.46,236.03,27.9,130.03,15.37,106.0,12.53,,,,-23.4,-2.77,507.5,59.99,,,-10.7,-1.26,187.0,22.1,,,
132,R282,2018_0918_23,ins+,control,,YES,2.0,10.0,9.21,231.72,25.16,32.05,3.48,199.67,21.68,-1.12,-0.12,28.62,-31.1,-3.38,869.2,94.38,,,-16.9,-1.83,558.7,60.66,,,
133,R282,2018_0918_24,ins+,siRGS9,92,YES,2.0,10.0,4.43,100.61,22.71,39.38,8.89,61.23,13.82,-2.63,-0.59,14.97,-32.1,-7.25,855.0,193.0,,,-17.1,-3.86,494.0,111.51,,,
134,R282,2018_0918_25,ins+,siRGS9,,YES,2.0,10.0,5.62,30.29,5.39,2.42,0.43,27.87,4.96,-0.28,-0.05,8.64,-24.1,-4.29,609.2,108.4,,,-13.7,-2.44,342.6,60.96,,,
135,R282,2018_0918_26,ins+,siRGS9,,YES,2.0,10.0,5.84,3.21,0.55,12.91,2.21,-9.7,-1.66,-4.44,-0.76,2.91,-58.7,-10.05,1292.0,221.23,,,-20.2,-3.46,770.0,131.85,,,
136,R282,2018_0918_27,ins+,siRGS9,,YES,2.0,10.0,4.77,50.28,10.54,0.48,0.1,49.8,10.44,-0.22,-0.05,2.18,-24.4,-5.12,359.6,75.39,,,-11.2,-2.35,215.4,45.16,,,
137,R282,2018_0918_28,lost,siRGS9,,YES,2.0,10.0,8.92,127.65,14.31,19.71,2.21,107.94,12.1,,,,,,,,,,,,,,,,
138,R282,2018_0918_29,ins+,siGYG1,,YES,2.0,10.0,6.58,57.11,8.68,33.49,5.09,23.62,3.59,-0.16,-0.02,209.31,-33.9,-5.15,813.1,123.57,,,-11.1,-1.69,294.6,44.77,,,
139,R282,2018_0918_30,ins+,siGYG1,,YES,2.0,10.0,7.01,401.32,57.25,10.73,1.53,390.59,55.72,-0.84,-0.12,12.77,-26.5,-3.78,820.5,117.05,,,-16.2,-2.31,401.5,57.28,,,
140,R282,2018_0918_31,ins+,siGYG1,,YES,2.0,10.0,4.81,82.54,17.16,40.02,8.32,42.52,8.84,-0.51,-0.1,78.47,-14.3,-2.97,564.8,117.42,,,-10.3,-2.14,290.4,60.37,,,
141,R282,2018_0918_32,ins+,siGYG1,,YES,2.0,10.0,5.7,82.14,14.41,8.38,1.47,73.76,12.94,-0.09,-0.02,93.11,-8.19,-1.44,251.4,44.11,,,-6.88,-1.21,189.3,33.21,,,
142,R282,2018_0918_33,ins+,siGYG1,,YES,2.0,10.0,10.4,245.13,23.57,75.61,7.27,169.52,16.3,,,,-54.3,-5.22,1031.9,99.22,,,-12.0,-1.15,374.2,35.98,,,
143,R282,2018_0918_34,ins+,siGYG1,,YES,2.0,10.0,6.19,-4.39,-0.71,0.37,0.06,-4.76,-0.77,,,,-17.6,-2.84,563.5,91.03,,,-8.18,-1.32,118.0,19.06,,,
145,R282,2018_0918_39,ins+,siRGS9,,YES,2.0,10.0,6.65,139.85,21.03,23.81,3.58,116.04,17.45,-1.32,-0.2,18.04,-36.1,-5.43,1120.0,168.42,,,-25.5,-3.83,907.1,136.41,,,
146,R282,2018_0918_40,lost,siRGS9,,YES,2.0,10.0,3.39,18.24,5.38,26.68,7.87,-8.44,-2.49,-2.54,-0.75,10.5,-35.2,-10.38,1108.0,326.84,,,-20.4,-6.02,679.4,200.41,,,
147,R282,2018_0918_41,ins+,siRGS9,,YES,2.0,10.0,4.61,-2.44,-0.53,1.01,0.22,-3.45,-0.75,-5.63,-1.22,0.18,-31.4,-6.81,1040.0,225.6,,,-22.7,-4.92,547.3,118.72,,,
148,R282,2018_0918_42,ins+,siRGS9,,YES,2.0,10.0,4.26,29.69,6.97,7.88,1.85,21.81,5.12,-2.75,-0.65,2.87,-29.1,-6.83,901.5,211.62,,,-17.9,-4.2,493.4,115.82,,,
149,R282,2018_0918_43,ins+,siGYG1,85.7,YES,2.0,10.0,9.24,102.1,11.05,25.78,2.79,76.32,8.26,-0.68,-0.07,37.91,-34.6,-3.74,1019.0,110.28,,,-19.4,-2.1,1023.0,110.71,,,
150,R282,2018_0918_44,ins+,siGYG1,,YES,2.0,10.0,5.06,115.57,22.84,21.56,4.26,94.01,18.58,-0.98,-0.19,22.0,-17.8,-3.52,563.7,111.4,,,-14.1,-2.79,503.9,99.58,,,
151,R282,2018_0918_45,ins+,siGYG1,,YES,2.0,10.0,6.49,34.59,5.33,6.55,1.01,28.04,4.32,-0.87,-0.13,7.53,-30.5,-4.7,843.7,130.0,,,-12.1,-1.86,627.3,96.66,,,
152,R282,2018_0918_46,ins+,siGYG1,,YES,2.0,10.0,6.76,334.35,49.46,21.16,3.13,313.19,46.33,-0.14,-0.02,151.14,-17.9,-2.65,442.1,65.4,,,-9.15,-1.35,213.0,31.51,,,
154,R283,2018_0921_1,ins+,siFam159b,85.6,YES,2.0,10.0,6.2,189.47,30.56,18.29,2.95,171.18,27.61,-0.44,-0.07,41.57,-31.43,-5.07,1142.0,184.19,,,-13.15,-2.12,328.0,52.9,,,
155,R283,2018_0921_2,ins+,siFam159b,,YES,2.0,10.0,5.3,71.76,13.54,47.75,9.01,24.01,4.53,-2.98,-0.56,16.02,-40.9,-7.72,704.5,132.92,,,-21.9,-4.13,540.1,101.91,,,
156,R283,2018_0921_3,ins+,siFam159b,,YES,2.0,10.0,5.86,85.73,14.63,13.6,2.32,72.13,12.31,,,,-9.81,-1.67,166.0,28.33,,,-5.57,-0.95,143.7,24.52,,,
157,R283,2018_0921_4,ins+,siFam159b,,YES,2.0,10.0,6.79,-11.81,-1.74,-9.98,-1.47,-1.83,-0.27,,,,-20.5,-3.02,590.2,86.92,,,-17.6,-2.59,429.7,63.28,,,
158,R283,2018_0921_5,ins+,siFam159b,,YES,2.0,10.0,7.44,6.7,0.9,5.73,0.77,0.97,0.13,,,,-5.06,-0.68,152.3,20.47,,,-3.72,-0.5,110.7,14.88,,,
165,R283,2018_0921_12,ins+,control,0,YES,2.0,10.0,7.06,111.12,15.74,43.14,6.11,67.98,9.63,-0.14,-0.02,308.14,-8.09,-1.15,172.5,24.43,,,-6.16,-0.87,125.5,17.78,,,
166,R283,2018_0921_13,ins+,control,,YES,2.0,10.0,7.56,105.61,13.97,25.63,3.39,79.98,10.58,-2.29,-0.3,11.19,-30.9,-4.09,826.3,109.3,,,-17.4,-2.3,738.6,97.7,,,
167,R283,2018_0921_14,ins+,control,,YES,2.0,10.0,4.85,73.67,15.19,27.6,5.69,46.07,9.5,-0.36,-0.08,76.67,-7.33,-1.51,124.0,25.57,,,-5.38,-1.11,295.0,60.82,,,
168,R283,2018_0921_15,ins+,control,,YES,2.0,10.0,5.53,70.89,12.82,19.41,3.51,51.48,9.31,,,,-16.3,-2.95,542.6,98.12,,,-4.97,-0.9,135.3,24.47,,,
169,R283,2018_0921_16,ins+,control,,YES,2.0,10.0,6.92,68.99,9.97,23.39,3.38,45.6,6.59,-0.32,-0.05,73.09,-11.5,-1.66,531.9,76.86,,,-6.4,-0.92,126.0,18.21,,,
170,R283,2018_0921_17,ins+,control,,YES,2.0,10.0,8.12,263.82,32.49,25.58,3.15,238.24,29.34,,,,-9.95,-1.23,238.6,29.38,,,-3.04,-0.37,125.0,15.39,,,
171,R283,2018_0921_18,ins+,control,,YES,2.0,10.0,8.43,325.06,38.56,17.87,2.12,307.19,36.44,,,,,,,,,,,,,,,,
172,R283,2018_0921_19,ins+,siTspan1,86.7,YES,2.0,10.0,8.21,82.18,10.01,14.04,1.71,68.14,8.3,-0.02,-0.003,702.0,-61.4,-7.48,1353.0,164.8,,,-14.3,-1.74,470.4,57.3,,,
173,R283,2018_0921_20,ins+,siTspan1,,YES,2.0,10.0,8.15,21.03,2.58,3.67,0.45,17.36,2.13,-0.46,-0.06,7.98,-21.1,-2.59,693.5,85.09,,,-7.21,-0.88,137.0,16.81,,,
174,R283,2018_0921_21,ins+,siTspan1,,YES,2.0,10.0,6.71,37.31,5.56,6.71,1.0,30.6,4.56,-0.01,-0.001,671.0,-19.0,-2.83,507.3,75.6,,,-2.34,-0.35,141.6,21.1,,,
175,R283,2018_0921_22,ins+,siTspan1,,YES,2.0,10.0,6.64,44.75,6.74,3.98,0.6,40.77,6.14,-0.21,-0.03,18.95,-13.4,-2.02,584.0,87.95,,,-8.32,-1.25,160.1,24.11,,,
176,R283,2018_0921_23,ins+,siTspan1,,YES,2.0,10.0,4.81,8.18,1.7,8.8,1.83,-0.62,-0.13,-0.03,-0.01,293.33,-7.21,-1.5,293.3,60.98,,,-5.75,-1.2,118.2,24.57,,,
177,R283,2018_0921_24,ins+,siTspan1,,YES,2.0,10.0,5.84,-23.48,-4.02,-2.69,-0.46,-20.79,-3.56,-7.95,-1.36,-0.34,-66.5,-11.39,1832.0,313.7,,,-29.8,-5.1,1569.0,268.66,,,
178,R283,2018_0921_26,ins+,siRGS9,86.1,YES,2.0,10.0,7.92,169.25,21.37,55.68,7.03,113.57,14.34,-7.12,-0.9,7.82,-35.8,-4.52,859.7,108.55,,,-24.9,-3.14,147.0,18.56,,,
179,R283,2018_0921_27,ins+,siRGS9,,YES,2.0,10.0,6.28,24.87,3.96,1.32,0.21,23.55,3.75,-0.04,-0.01,33.0,-3.38,-0.54,91.1,14.51,,,-5.34,-0.85,46.0,7.32,,,
180,R283,2018_0921_28,ins+,siRGS9,,YES,2.0,10.0,8.85,66.46,7.51,17.52,1.98,48.94,5.53,-4.42,-0.5,3.96,-45.6,-5.15,1448.0,163.62,,,-29.2,-3.3,717.9,81.12,,,
181,R283,2018_0921_29,ins+,siRGS9,,YES,2.0,10.0,5.13,43.96,8.57,4.72,0.92,39.24,7.65,-0.05,-0.01,94.4,-26.0,-5.07,791.0,154.19,,,-9.81,-1.91,325.5,63.45,,,
182,R283,2018_0921_30,ins+,siRGS9,,YES,2.0,10.0,7.55,259.04,34.31,38.28,5.07,220.76,29.24,-0.23,-0.03,166.43,-30.6,-4.05,873.9,115.75,,,-17.0,-2.25,413.9,54.82,,,
183,R283,2018_0921_31,ins+,siRGS9,,YES,2.0,10.0,6.7,97.42,14.54,8.71,1.3,88.71,13.24,-0.24,-0.04,36.29,-23.6,-3.52,736.3,109.9,,,-15.0,-2.24,540.0,80.6,,,
184,R283,2018_0921_32,ins+,siRGS9,,YES,2.0,10.0,7.72,363.53,47.09,41.53,5.38,322.0,41.71,-0.27,-0.04,153.81,-39.7,-5.14,955.2,123.73,,,-7.76,-1.01,340.5,44.11,,,
185,R283,2018_0921_33,ins+,siRGS9,,YES,2.0,10.0,8.81,-36.65,-4.16,-0.97,-0.11,-35.68,-4.05,-0.03,-0.003,-32.33,-10.1,-1.15,372.8,42.32,,,-6.45,-0.73,177.0,20.09,,,
193,R283,2018_0921_41,ins+,siFam159b,,YES,2.0,10.0,5.52,0.22,0.04,2.59,0.47,-2.37,-0.43,-0.65,-0.12,3.98,-17.6,-3.19,497.0,90.04,,,-8.86,-1.61,404.6,73.3,,,
194,R283,2018_0921_42,ins+,siFam159b,,YES,2.0,10.0,5.35,84.32,15.76,8.29,1.55,76.03,14.21,-0.23,-0.04,36.04,-13.8,-2.58,300.1,56.09,,,-13.4,-2.5,358.2,66.95,,,
195,R283,No patching,,siGYG1,87.6,,,,,,,,,,,,,,,,,,,,,,,,,,
197,H2192,2018_0924_1,ins+,siFam159b,97.2,YES,2.0,10.0,8.09,1.29,0.16,5.18,0.64,-3.89,-0.48,-0.05,-0.01,103.6,-32.1,-3.97,757.8,93.67,,,-10.7,-1.32,366.8,45.34,,,
198,H2192,2018_0924_2,ins+,siFam159b,,YES,2.0,10.0,6.58,3.22,0.49,1.91,0.29,1.31,0.2,-0.15,-0.02,12.73,-20.9,-3.18,602.9,91.63,,,-10.5,-1.6,446.1,67.8,,,
199,H2192,2018_0924_3,ins+,siFam159b,,YES,2.0,10.0,6.48,4.86,0.75,0.97,0.15,3.89,0.6,-0.06,-0.01,16.17,-4.88,-0.75,104.8,16.17,,,-4.45,-0.69,211.4,32.62,,,
200,H2192,2018_0924_3-1,ins+,siFam159b,,YES,2.0,10.0,7.78,21.55,2.77,-7.47,-0.96,29.02,3.73,,,,-6.99,-0.9,165.2,21.23,,,-4.25,-0.55,97.1,12.48,,,
201,H2192,2018_0924_4,ins+,siTspan1,no data,YES,2.0,10.0,8.19,39.39,4.81,-2.21,-0.27,41.6,5.08,-0.07,-0.01,-31.57,-17.1,-2.09,750.7,91.66,,,-13.1,-1.6,324.0,39.56,,,
202,H2192,2018_0924_5,ins+,siTspan1,,YES,2.0,10.0,7.37,12.16,1.65,4.79,0.65,7.37,1.0,-0.01,-0.002,479.0,,,,,,,,,,,,,
203,H2192,2018_0924_6,ins+,siTspan1,,YES,2.0,10.0,4.62,25.73,5.57,-4.39,-0.95,30.12,6.52,-0.32,-0.07,-13.72,-9.99,-2.16,370.1,80.11,,,-8.76,-1.9,387.6,83.9,,,
204,H2192,2018_0924_7,ins+,siTspan1,,YES,2.0,10.0,7.28,19.58,2.69,1.09,0.15,18.49,2.54,-0.04,-0.01,27.25,-11.2,-1.54,371.3,51.0,,,-3.53,-0.48,106.8,14.67,,,
205,H2192,2018_0924_8,ins+,siTspan1,,YES,2.0,10.0,4.48,5.2,1.16,-2.42,-0.54,7.62,1.7,-0.02,-0.004,-121.0,-6.12,-1.37,117.8,26.29,,,-4.8,-1.07,57.0,12.72,,,
206,H2192,2018_0924_9,ins+,siTspan1,,YES,2.0,10.0,4.43,-1.82,-0.41,-2.22,-0.5,0.4,0.09,-0.08,-0.02,-27.75,-4.28,-0.97,91.3,20.61,,,-3.12,-0.7,78.7,17.77,,,
207,H2192,2018_0924_10,ins+,control,0,YES,2.0,10.0,5.82,311.25,53.48,25.2,4.33,286.05,49.15,-0.1,-0.02,252.0,-12.7,-2.18,312.8,53.75,,,-8.01,-1.38,222.4,38.21,,,
208,H2192,2018_0924_11,ins+,control,,YES,2.0,10.0,8.66,380.87,43.98,15.67,1.81,365.2,42.17,-3.92,-0.45,4.0,-28.7,-3.31,869.6,100.42,,,-20.5,-2.37,742.7,85.76,,,
209,H2192,2018_0924_12,ins+,control,,YES,2.0,10.0,7.25,275.07,37.94,5.8,0.8,269.27,37.14,-0.83,-0.11,6.99,-7.84,-1.08,187.3,25.83,,,-4.26,-0.59,97.1,13.39,,,
210,H2192,2018_0924_13,ins+,control,,YES,2.0,10.0,11.2,236.54,21.12,7.06,0.63,229.48,20.49,-0.55,-0.05,12.84,-31.8,-2.84,682.4,60.93,,,-27.2,-2.43,689.0,61.52,,,
211,H2192,2018_0924_14,ins+,control,,YES,2.0,10.0,7.25,232.0,32.0,-1.52,-0.21,233.52,32.21,-0.33,-0.05,-4.61,-39.7,-5.48,962.4,132.74,,,-12.7,-1.75,510.0,70.34,,,
212,H2192,2018_0924_15,ins+,control,,YES,2.0,10.0,11.6,154.28,13.3,64.03,5.52,90.25,7.78,-6.1,-0.53,10.5,-55.1,-4.75,1302.0,112.24,,,-30.5,-2.63,1654.0,142.59,,,
213,H2192,2018_0924_17,ins+,siRGS9,no data ,YES,2.0,10.0,5.9,9.26,1.57,3.3,0.56,5.96,1.01,-0.06,-0.01,55.0,,,,,,,,,,,,,
214,H2192,2018_0924_18,ins+,siRGS9,,YES,2.0,10.0,4.46,-13.02,-2.92,-0.98,-0.22,-12.04,-2.7,-0.74,-0.17,-1.32,-16.3,-3.65,403.0,90.36,,,-8.78,-1.97,462.4,103.68,,,
215,H2192,2018_0924_19,ins+,siRGS9,,YES,2.0,10.0,4.01,0.84,0.21,6.02,1.5,-5.18,-1.29,,,,,,,,,,,,,,,,
216,H2192,2018_0924_20,ins+,siRGS9,,YES,2.0,10.0,8.24,22.58,2.74,6.18,0.75,16.4,1.99,-0.01,-0.001,618.0,,,,,,,,,,,,,
217,H2192,2018_0924_21,ins+,siRGS9,,YES,2.0,10.0,5.34,214.56,40.18,61.46,11.51,153.1,28.67,-0.04,-0.01,1536.5,-9.08,-1.7,225.2,42.17,,,-7.67,-1.44,29.0,5.43,,,
218,H2192,2018_0924_22,ins+,siRGS9,,YES,2.0,10.0,9.45,59.35,6.28,13.23,1.4,46.12,4.88,-0.05,-0.01,264.6,-8.38,-0.89,175.3,18.55,,,-5.83,-0.62,252.0,26.67,,,
219,H2192,2018_0924_23,ins+,siGYG1,no data ,YES,2.0,10.0,3.62,153.05,42.28,49.59,13.7,103.46,28.58,-0.55,-0.15,90.16,-8.69,-2.4,343.4,94.86,,,-5.34,-1.48,284.7,78.65,,,
220,H2192,2018_0924_24,ins+,siGYG1,,YES,2.0,10.0,7.03,172.09,24.48,24.39,3.47,147.7,21.01,-3.96,-0.56,6.16,-61.8,-8.79,1715.0,243.95,,,-26.6,-3.78,738.0,104.98,,,
221,H2192,2018_0924_25,ins+,siGYG1,,YES,2.0,10.0,5.42,71.38,13.17,4.72,0.87,66.66,12.3,-2.03,-0.37,-2.33,-32.4,-5.98,938.3,173.12,,,-12.7,-2.34,340.4,62.8,,,
222,H2192,2018_0924_26,ins+,siGYG1,,YES,2.0,10.0,6.44,226.95,35.24,1.22,0.19,225.73,35.05,-3.73,-0.58,-0.33,-23.0,-3.57,594.2,92.27,,,-14.7,-2.28,485.7,75.42,,,
223,H2192,2018_0924_27,ins+,siGYG1,,YES,2.0,10.0,9.39,497.86,53.02,33.71,3.59,464.15,49.43,-0.7,-0.07,48.16,-95.7,-10.19,2396.0,255.17,,,-13.6,-1.45,702.9,74.86,,,
225,R285,2018_0928_3,ins+,control,0,YES,2.0,10.0,4.13,99.82,24.17,16.11,3.9,83.71,20.27,-0.14,-0.03,115.07,-6.27,-1.52,302.4,73.22,,,-5.84,-1.41,201.8,48.86,,,
226,R285,2018_0928_4,ins+,control,,YES,2.0,10.0,5.47,99.23,18.14,22.76,4.16,76.47,13.98,,,,-4.14,-0.76,43.8,8.01,,,-0.83,-0.15,5.0,0.91,,,
227,R285,2018_0928_5,ins+,control,,YES,2.0,10.0,5.76,89.68,15.57,29.66,5.15,60.02,10.42,-0.26,-0.04,114.08,-3.7,-0.64,117.4,20.38,,,-0.99,-0.17,12.7,2.2,,,
228,R285,2018_0928_6,ins-,control,,YES,2.0,10.0,4.74,21.52,4.54,-0.38,-0.08,21.9,4.62,-0.35,-0.07,-1.09,-3.51,-0.74,52.1,10.99,,,-1.49,-0.31,72.3,15.25,,,
229,R285,2018_0928_7,ins+,siGYG1,75.4,YES,2.0,10.0,6.86,222.74,32.47,7.96,1.16,214.78,31.31,-0.14,-0.02,56.86,-19.9,-2.9,620.9,90.51,,,-9.49,-1.38,389.1,56.72,,,
230,R285,2018_0928_8,ins+,siGYG1,,YES,2.0,10.0,6.87,416.73,60.66,88.28,12.85,328.45,47.81,-0.24,-0.04,367.83,-14.8,-2.15,918.1,133.64,,,-12.1,-1.76,554.8,80.76,,,
231,R285,2018_0928_9,ins+,siGYG1,,YES,2.0,10.0,3.77,116.79,30.98,11.88,3.15,104.91,27.83,-0.34,-0.09,34.94,-5.47,-1.45,156.3,41.46,,,-3.47,-0.92,106.4,28.22,,,
232,R285,2018_0928_10,ins+,siGYG1,,YES,2.0,10.0,6.32,141.69,22.42,19.21,3.04,122.48,19.38,-0.07,-0.01,274.43,-12.0,-1.9,277.3,43.88,,,-6.27,-0.99,137.8,21.8,,,
233,R285,2018_0928_11,ins+,siGYG1,,YES,2.0,10.0,5.81,111.15,19.13,12.78,2.2,98.37,16.93,-0.54,-0.09,23.67,-5.45,-0.94,178.0,30.64,,,-3.04,-0.52,49.0,8.43,,,
240,R285,2018_0928_20,ins+,siFam159b,46.1,YES,2.0,10.0,10.8,209.63,19.41,60.26,5.58,149.37,13.83,-0.02,-0.0021,3013.0,-47.4,-4.39,716.9,66.38,,,-15.9,-1.47,435.6,40.33,,,
241,R285,2018_0928_21,ins+,siFam159b,,YES,2.0,10.0,5.63,57.37,10.19,24.49,4.35,32.88,5.84,-0.003,-0.0006,8163.33,-7.34,-1.3,233.6,41.49,,,-4.99,-0.89,170.4,30.27,,,
242,R285,2018_0928_22,ins-,siFam159b,,YES,2.0,10.0,7.23,3.04,0.42,4.19,0.58,-1.15,-0.16,-0.004,-0.0005,1047.5,-12.4,-1.72,504.6,69.79,,,-9.36,-1.29,317.5,43.91,,,
243,R285,2018_0928_23,ins+,siFam159b,,YES,2.0,10.0,11.6,275.27,23.73,41.06,3.54,234.21,20.19,-1.53,-0.13,26.84,-28.8,-2.48,937.7,80.84,,,-24.7,-2.13,1213.0,104.57,,,
244,R285,2018_0928_24,ins+,siFam159b,,YES,2.0,10.0,12.9,109.65,8.5,22.58,1.75,87.07,6.75,-0.2,-0.02,112.9,-17.0,-1.32,171.7,13.31,,,-4.05,-0.31,203.6,15.78,,,
245,R285,2018_0928_25,ins+,siFam159b,,YES,2.0,10.0,7.95,132.21,16.63,20.91,2.63,111.3,14.0,-0.07,-0.01,298.71,,,,,,,,,,,,,
246,R285,2018_0928_26,ins+,siRGS9,81,YES,2.0,10.0,4.85,42.83,8.83,-2.09,-0.43,44.92,9.26,-0.002,-0.0004,-1045.0,-12.5,-2.58,244.3,50.37,,,-9.86,-2.03,796.8,164.29,,,
247,R285,2018_0928_27,ins+,siRGS9,,YES,2.0,10.0,7.8,181.19,23.23,6.71,0.86,174.48,22.37,-0.005,-0.001,1342.0,-40.1,-5.14,943.2,120.92,,,-4.7,-0.6,102.8,13.18,,,
248,R285,2018_0928_28,ins+,siRGS9,,YES,2.0,10.0,6.27,90.29,14.4,16.36,2.61,73.93,11.79,-0.15,-0.02,109.07,-15.6,-2.49,405.2,64.63,,,-9.78,-1.56,250.2,39.9,,,
249,R285,2018_0928_29,ins+,siRGS9,,YES,2.0,10.0,6.29,18.62,2.96,1.01,0.16,17.61,2.8,-0.26,-0.04,3.88,-6.73,-1.07,142.6,22.67,,,-7.93,-1.26,162.5,25.83,,,
250,R285,2018_0928_30,ins+,siRGS9,,YES,2.0,10.0,5.44,55.81,10.26,4.03,0.74,51.78,9.52,,,,-8.31,-1.53,239.0,43.93,,,-5.78,-1.06,197.2,36.25,,,
251,R285,2018_0928_31,ins+,siTspan1,88,YES,2.0,10.0,6.25,120.63,19.3,18.38,2.94,102.25,16.36,,,,-12.0,-1.92,483.1,77.3,,,-10.2,-1.63,251.4,40.22,,,
252,R285,2018_0928_32,ins+,siTspan1,,YES,2.0,10.0,6.46,56.46,8.74,13.95,2.16,42.51,6.58,-0.1,-0.02,139.5,-3.73,-0.58,112.3,17.38,,,-0.44,-0.07,73.6,11.39,,,
253,R285,2018_0928_33,ins+,siTspan1,,YES,2.0,10.0,5.01,52.45,10.47,10.32,2.06,42.13,8.41,-0.01,-0.001,1032.0,-7.4,-1.48,179.4,35.81,,,-6.82,-1.36,466.9,93.19,,,
254,R285,2018_0928_34,ins+,siTspan1,,YES,2.0,10.0,9.07,14.06,1.55,0.36,0.04,13.7,1.51,-0.34,-0.04,1.06,-9.3,-1.03,212.0,23.37,,,-5.48,-0.6,89.3,9.85,,,
255,R285,2018_0928_35,ins+,siTspan1,,YES,2.0,10.0,5.46,79.61,14.58,6.28,1.15,73.33,13.43,-0.2,-0.04,31.4,-5.94,-1.09,100.4,18.39,,,-5.48,-1.0,104.8,19.19,,,
256,R285,2018_0928_36,ins-,siTspan1,,YES,2.0,10.0,5.45,9.7,1.78,1.2,0.22,8.5,1.56,-0.01,-0.001,120.0,-8.92,-1.64,424.2,77.83,,,-7.45,-1.37,200.5,36.79,,,
259,R285,2018_0928_39,ins+,siGYG1,,YES,2.0,10.0,3.7,211.64,57.2,5.07,1.37,206.57,55.83,-1.45,-0.39,3.5,-32.3,-8.73,1089.0,294.32,,,-19.2,-5.19,931.0,251.62,,,
260,R285,2018_0928_40,ins+,siGYG1,,YES,2.0,10.0,5.44,112.34,20.65,26.0,4.78,86.34,15.87,-1.1,-0.2,23.64,-13.9,-2.56,425.0,78.13,,,-11.5,-2.11,381.0,70.04,,,
270,R285,2018_0929_6,ins+,siRGS9,,YES,3.0,10.0,7.74,218.5,28.23,21.36,2.76,197.14,25.47,-1.99,-0.26,10.73,-26.5,-3.42,844.7,109.13,,,-17.4,-2.25,364.4,47.08,,,
271,R285,2018_0929_7,ins+,siRGS9,,YES,3.0,10.0,6.2,23.13,3.73,10.6,1.71,12.53,2.02,-0.53,-0.08,20.0,-16.0,-2.58,592.6,95.58,,,-11.4,-1.84,282.0,45.48,,,
272,R285,2018_0929_8,ins+,siRGS9,,YES,3.0,10.0,6.34,49.64,7.83,18.2,2.87,31.44,4.96,,,,-3.85,-0.61,260.5,41.09,,,-1.35,-0.21,149.4,23.56,,,
273,R285,2018_0929_9,ins+,siRGS9,,YES,3.0,10.0,6.2,89.9,14.5,41.79,6.74,48.11,7.76,-2.03,-0.33,20.59,-15.1,-2.44,389.3,62.79,,,-12.4,-2.0,341.3,55.05,,,
274,R285,2018_0929_10,ins+,siRGS9,,YES,3.0,10.0,4.61,20.28,4.4,8.62,1.87,11.66,2.53,,,,-5.0,-1.08,118.3,25.66,,,-2.38,-0.52,82.3,17.85,,,
275,R285,2018_0929_11,ins+,siRGS9,,YES,3.0,10.0,5.15,47.33,9.19,6.8,1.32,40.53,7.87,-0.88,-0.17,7.73,-10.1,-1.96,253.0,49.13,,,-9.71,-1.89,478.0,92.82,,,
276,R285,2018_0929_12,ins+,siGYG1,,YES,3.0,10.0,6.95,76.66,11.03,33.29,4.79,43.37,6.24,-3.04,-0.44,10.95,-21.2,-3.05,669.7,96.36,,,-15.4,-2.22,526.3,75.73,,,
277,R285,2018_0929_13,ins+,siGYG1,,YES,3.0,10.0,5.84,105.88,18.13,36.79,6.3,69.09,11.83,-1.55,-0.27,23.74,-21.4,-3.66,665.3,113.92,,,-8.36,-1.43,267.8,45.86,,,
278,R285,2018_0929_14,ins+,siGYG1,,YES,3.0,10.0,7.58,102.25,13.49,25.47,3.36,76.78,10.13,-1.1,-0.15,23.15,-12.1,-1.6,268.2,35.38,,,-11.2,-1.48,142.3,18.77,,,
279,R285,2018_0929_15,ins+,siGYG1,,YES,3.0,10.0,5.34,97.56,18.27,27.98,5.24,69.58,13.03,-1.61,-0.3,17.38,-18.3,-3.43,426.3,79.83,,,-15.0,-2.81,243.3,45.56,,,
280,R285,2018_0929_16,ins+,control,,YES,3.0,10.0,8.26,126.96,15.37,27.09,3.28,99.87,12.09,,,,-13.6,-1.65,518.0,62.71,,,-7.2,-0.87,387.5,46.91,,,
281,R285,2018_0929_17,ins+,control,,YES,3.0,10.0,8.01,167.25,20.88,54.39,6.79,112.86,14.09,-2.54,-0.32,21.41,-23.7,-2.96,687.0,85.77,,,-19.3,-2.41,735.7,91.85,,,
282,R285,2018_0929_18,ins+,control,,YES,3.0,10.0,7.34,214.11,29.17,12.4,1.69,201.71,27.48,-2.67,-0.36,4.64,-29.9,-4.07,771.7,105.14,,,-7.76,-1.06,391.4,53.32,,,
283,R285,2018_0929_19,ins+,control,,YES,3.0,10.0,5.03,127.41,25.33,66.85,13.29,60.56,12.04,-2.49,-0.5,26.85,-22.8,-4.53,638.6,126.96,,,-14.8,-2.94,395.4,78.61,,,
284,R285,2018_0929_20,ins+,control,,YES,3.0,10.0,6.63,305.11,46.02,6.83,1.03,298.28,44.99,-1.38,-0.21,4.95,-28.3,-4.27,860.4,129.77,,,-6.99,-1.05,329.6,49.71,,,
285,R285,2018_0929_21,ins+,control,,YES,3.0,10.0,7.32,122.61,16.75,6.37,0.87,116.24,15.88,-0.41,-0.06,15.54,-36.8,-5.03,1020.0,139.34,,,-7.71,-1.05,289.0,39.48,,,
286,R285,2018_0929_22,ins+,control,,YES,3.0,10.0,7.6,149.04,19.61,17.02,2.24,132.02,17.37,-5.05,-0.66,3.37,-15.4,-2.03,573.8,75.5,,,-13.2,-1.74,351.9,46.3,,,
293,R285,2018_0929_29,ins+,siFam159b,,YES,3.0,10.0,4.53,18.75,4.14,13.5,2.98,5.25,1.16,-0.03,-0.01,450.0,-14.3,-3.16,360.4,79.56,,,-4.27,-0.94,204.4,45.12,,,
294,R285,2018_0929_30,ins-,siFam159b,,YES,3.0,10.0,4.86,33.92,6.98,0.29,0.06,33.63,6.92,-0.01,-0.003,29.0,-4.12,-0.85,120.1,24.71,,,-1.95,-0.4,114.2,23.5,,,
295,R285,2018_0929_31,ins+,siFam159b,,YES,3.0,10.0,4.74,13.13,2.77,7.49,1.58,5.64,1.19,-0.07,-0.02,107.0,-4.08,-0.86,107.3,22.64,,,-3.41,-0.72,104.9,22.13,,,
296,R285,2018_0929_32,ins+,siFam159b,,YES,3.0,10.0,5.14,114.42,22.26,17.94,3.49,96.48,18.77,-0.99,-0.19,18.12,-18.7,-3.64,731.4,142.3,,,-13.0,-2.53,325.9,63.4,,,
297,R285,2018_0929_33,ins+,siFam159b,,YES,3.0,10.0,5.39,25.98,4.82,5.17,0.96,20.81,3.86,-0.01,-0.002,517.0,-12.0,-2.23,264.1,49.0,,,-3.88,-0.72,112.6,20.89,,,
298,R285,2018_0929_34,ins+,siFam159b,,YES,3.0,10.0,6.42,28.25,4.4,3.79,0.59,24.46,3.81,-0.02,-0.004,189.5,-19.2,-2.99,462.0,71.96,,,-4.14,-0.64,237.6,37.01,,,
299,R285,2018_0929_35,ins+,siTSPAN1,,YES,3.0,10.0,9.16,86.29,9.42,10.44,1.14,75.85,8.28,-0.04,-0.004,261.0,-22.2,-2.42,460.9,50.32,,,-22.1,-2.41,698.8,76.29,,,
300,R285,2018_0929_36,ins+,siTSPAN1,,YES,3.0,10.0,6.89,155.16,22.52,27.77,4.03,127.39,18.49,-0.02,-0.002,1388.5,-11.3,-1.64,356.4,51.73,,,-6.63,-0.96,199.0,28.88,,,
301,R285,2018_0929_37,ins+,siTSPAN1,,YES,3.0,10.0,6.05,39.08,6.46,1.33,0.22,37.75,6.24,-0.86,-0.14,1.55,-22.4,-3.7,525.1,86.79,,,-13.7,-2.26,352.5,58.26,,,
302,R285,2018_0929_38,ins+,siTSPAN1,,YES,3.0,10.0,5.51,295.39,53.61,175.55,31.86,119.84,21.75,-13.4,-2.43,13.1,-47.4,-8.6,1449.0,262.98,,,-39.6,-7.19,1307.0,237.21,,,
303,R285,2018_0929_39,ins+,siTSPAN1,,YES,3.0,10.0,7.27,76.99,10.59,24.21,3.33,52.78,7.26,-0.29,-0.04,83.48,-28.1,-3.87,849.5,116.85,,,-12.8,-1.76,431.5,59.35,,,
304,R285,2018_0929_40,ins-,siTSPAN1,,YES,3.0,10.0,5.95,-4.52,-0.76,-0.89,-0.15,-3.63,-0.61,,,,-1.55,-0.26,21.1,3.55,,,-0.46,-0.08,5.0,0.84,,,
305,R285,2018_0929_41,ins+,siTSPAN1,,YES,3.0,10.0,5.31,12.16,2.29,-0.21,-0.04,12.37,2.33,-0.07,-0.01,-3.0,-7.01,-1.32,225.5,42.47,,,-4.54,-0.85,223.8,42.15,,,
307,R286,2018_1005_1,ins+,control,0,YES,2.0,10.0,5.52,92.74,16.8,41.95,7.6,50.78,9.2,-8.16,-1.48,5.14,-16.5,-2.99,405.3,73.42,,,-14.7,-2.66,561.9,101.79,,,
308,R286,2018_1005_2,ins+,control,,YES,2.0,10.0,8.5,510.94,60.11,99.88,11.75,411.06,48.36,-5.73,-0.67,17.43,-45.7,-5.38,1300.0,152.94,,,-26.2,-3.08,630.3,74.15,,,
309,R286,2018_1005_3,ins+,control,,YES,2.0,10.0,6.33,393.22,62.12,62.54,9.88,330.68,52.24,-3.98,-0.63,15.71,-23.2,-3.67,385.4,60.88,,,-12.4,-1.96,267.6,42.27,,,
310,R286,2018_1005_4,ins+,control,,YES,2.0,10.0,8.19,144.47,17.64,26.37,3.22,118.1,14.42,-1.51,-0.18,17.46,-45.7,-5.58,903.5,110.32,,,-17.3,-2.11,428.3,52.3,,,
311,R286,2018_1005_5,ins+,control,,YES,2.0,10.0,6.54,81.03,12.39,18.77,2.87,62.26,9.52,-2.33,-0.36,8.06,-41.7,-6.38,734.9,112.37,,,-21.2,-3.24,457.1,69.89,,,
321,R286,2018_1005_15,ins+,siTspan1,88,YES,2.0,10.0,5.82,44.7,7.68,-5.59,-0.96,50.28,8.64,-0.37,-0.06,-15.11,-36.4,-6.25,187.0,32.13,,,-22.1,-3.8,87.0,14.95,,,
322,R286,2018_1005_16,ins+,siTspan1,,YES,2.0,10.0,5.58,58.2,10.43,28.74,5.15,29.46,5.28,-8.2,-1.47,3.5,-47.3,-8.48,947.1,169.73,,,-19.9,-3.57,847.9,151.95,,,
323,R286,2018_1005_17,ins+,siTspan1,,YES,2.0,10.0,6.67,172.95,25.93,36.22,5.43,136.74,20.5,-6.2,-0.93,5.84,-39.1,-5.86,749.2,112.32,,,-28.9,-4.33,804.2,120.57,,,
324,R286,2018_1005_18,ins+,siTspan1,,YES,2.0,10.0,4.19,21.16,5.05,7.0,1.67,14.16,3.38,-7.72,-1.84,0.91,-41.0,-9.79,1042.0,248.69,,,-27.9,-6.66,1386.0,330.79,,,
325,R286,2018_1005_19,ins+,siTspan1,,YES,2.0,10.0,4.18,22.53,5.39,0.21,0.05,22.32,5.34,-0.11,-0.03,1.91,,,,,,,,,,,,,
326,R286,2018_1005_20,ins+,siTspan1,,YES,2.0,10.0,8.01,107.33,13.4,42.05,5.25,65.28,8.15,-2.43,-0.3,17.3,-119.0,-14.86,2246.0,280.4,,,-24.0,-3.0,690.3,86.18,,,
327,R286,2018_1005_21,ins+,siGYG1,76.8,YES,2.0,10.0,6.58,497.05,75.54,166.54,25.31,330.51,50.23,-10.9,-1.66,15.28,-41.0,-6.23,864.5,131.38,,,-28.3,-4.3,1312.0,199.39,,,
328,R286,2018_1005_22,ins+,siGYG1,,YES,2.0,10.0,6.8,257.52,37.87,28.56,4.2,228.96,33.67,-9.35,-1.38,3.05,-36.6,-5.38,918.0,135.0,,,-25.5,-3.75,822.5,120.96,,,
329,R286,2018_1005_23,ins+,siGYG1,,YES,2.0,10.0,6.53,331.27,50.73,77.45,11.86,253.82,38.87,-0.33,-0.05,234.7,-22.2,-3.4,370.0,56.66,,,-12.4,-1.9,289.3,44.3,,,
330,R286,2018_1005_24,ins+,siGYG1,,YES,2.0,10.0,4.38,118.22,26.99,15.9,3.63,102.32,23.36,-0.7,-0.16,22.71,-55.6,-12.69,1078.0,246.12,,,-11.5,-2.63,357.7,81.67,,,
335,R286,2018_1005_31,ins+,control,,YES,2.0,10.0,5.39,112.6,20.89,42.31,7.85,70.29,13.04,-12.6,-2.34,3.36,-20.2,-3.75,688.3,127.7,,,-20.8,-3.86,620.7,115.16,,,
336,R286,2018_1005_32,ins+,control,,YES,2.0,10.0,6.67,225.05,33.74,98.72,14.8,126.33,18.94,-0.08,-0.01,1234.0,-13.5,-2.02,235.8,35.35,,,-9.03,-1.35,269.3,40.37,,,
337,R286,2018_1005_33,ins+,control,,YES,2.0,10.0,8.24,195.21,23.69,18.79,2.28,176.42,21.41,-2.54,-0.31,7.4,-7.3,-0.89,170.8,20.73,,,-6.01,-0.73,293.5,35.62,,,
338,R286,2018_1005_34,ins+,control,,YES,2.0,10.0,4.21,75.78,18.0,28.67,6.81,47.11,11.19,-0.66,-0.16,43.44,-20.8,-4.94,378.1,89.81,,,-9.39,-2.23,293.3,69.67,,,
339,R286,2018_1005_35,ins+,siGYG1,,YES,2.0,10.0,6.68,440.95,66.01,170.01,25.45,270.94,40.56,,,,,,,,,,,,,,,,
340,R286,2018_1005_36,ins+,siGYG1,,YES,2.0,10.0,10.1,878.2,86.95,142.01,14.06,736.19,72.89,-3.93,-0.39,36.13,-40.4,-4.0,730.7,72.35,,,-31.7,-3.14,510.3,50.52,,,
341,R286,2018_1005_37,ins+,siGYG1,,YES,2.0,10.0,7.69,114.35,14.87,33.22,4.32,81.13,10.55,-0.82,-0.11,40.51,-23.1,-3.0,525.3,68.31,,,-14.7,-1.91,553.1,71.92,,,
342,R286,2018_1005_38,ins+,siGYG1,,YES,2.0,10.0,5.45,162.14,29.75,43.98,8.07,118.16,21.68,-9.04,-1.66,4.87,,,,,,,,,,,,,
343,R286,2018_1005_39,ins+,siGYG1,,YES,2.0,10.0,7.4,168.94,22.83,21.09,2.85,147.85,19.98,,,,-36.1,-4.88,631.3,85.31,,,-16.9,-2.28,257.7,34.82,,,
347,R286,2018_1005_44,ins+,siTspan1,,YES,2.0,10.0,5.29,18.3,3.46,13.7,2.59,4.6,0.87,-4.2,-0.79,3.26,-41.6,-7.86,1333.0,251.98,,,-26.0,-4.91,871.9,164.82,,,
348,R286,2018_1005_45,ins+,siTspan1,,YES,2.0,10.0,6.69,76.07,11.37,13.51,2.02,62.55,9.35,-1.93,-0.29,7.0,-21.1,-3.15,500.3,74.78,,,-9.62,-1.44,379.0,56.65,,,
349,R286,2018_1005_46,ins+,siTspan1,,YES,2.0,10.0,5.57,5.96,1.07,1.78,0.32,4.18,0.75,-0.66,-0.12,2.7,-7.67,-1.38,263.7,47.34,,,-5.52,-0.99,148.0,26.57,,,
350,R286,2018_1005_47,ins+,siTspan1,,YES,2.0,10.0,8.33,14.24,1.71,5.0,0.6,9.25,1.11,-0.15,-0.02,33.33,-9.42,-1.13,150.2,18.03,,,-6.77,-0.81,78.0,9.36,,,
357,R286,2018_1005_54,ins+,GFP,0,YES,2.0,10.0,7.79,128.69,16.52,8.8,1.13,119.89,15.39,-4.85,-0.62,1.81,-68.3,-8.77,1352.0,173.56,,,-27.3,-3.5,655.5,84.15,,,
358,R286,2018_1005_55,ins+,GFP,,YES,2.0,10.0,7.65,221.85,29.0,58.6,7.66,163.25,21.34,-4.05,-0.53,14.47,-38.1,-4.98,954.72,124.8,,,-26.5,-3.46,654.3,85.53,,,
359,R286,2018_1005_56,ins+,GFP,,YES,2.0,10.0,5.15,140.96,27.37,19.98,3.88,120.97,23.49,-1.2,-0.23,16.65,-52.8,-10.25,1024.1,198.85,,,-5.28,-1.03,339.8,65.98,,,
360,R286,2018_1005_57,ins+,GFP,,YES,2.0,10.0,6.36,139.98,22.01,47.45,7.46,92.54,14.55,-1.67,-0.26,28.41,-17.8,-2.8,351.215,55.22,,,-15.9,-2.5,355.4,55.88,,,
361,R286,2018_1005_58,ins+,GFP,,YES,2.0,10.0,7.38,189.15,25.63,50.55,6.85,138.6,18.78,-2.2,-0.3,22.98,-31.5,-4.27,780.4,105.75,,,-18.0,-2.44,483.3,65.49,,,
