1001200601_A1	alpha
1001200601_A10	alpha
1001200601_A11	beta
1001200601_A12	beta
1001200601_A2	alpha
1001200601_A3	alpha
1001200601_A5	alpha
1001200601_A6	fail_qc
1001200601_A8	alpha
1001200601_A9	fail_qc
1001200601_B1	alpha
1001200601_B10	fail_qc
1001200601_B11	alpha
1001200601_B12	alpha
1001200601_B2	fail_qc
1001200601_B3	alpha
1001200601_B4	fail_qc
1001200601_B5	fail_qc
1001200601_B6	alpha
1001200601_B7	fail_qc
1001200601_B8	beta
1001200601_B9	fail_qc
1001200601_C1	beta
1001200601_C10	beta
1001200601_C11	alpha
1001200601_C12	fail_qc
1001200601_C2	alpha
1001200601_C3	beta
1001200601_C4	fail_qc
1001200601_C5	alpha
1001200601_C6	alpha
1001200601_C7	fail_qc
1001200601_C8	alpha
1001200601_C9	alpha
1001200601_D10	fail_qc
1001200601_D11	alpha
1001200601_D12	other
1001200601_D2	beta
1001200601_D3	alpha
1001200601_D4	fail_qc
1001200601_D5	alpha
1001200601_D6	alpha
1001200601_D8	alpha
1001200601_D9	alpha
1001200601_E10	beta
1001200601_E11	fail_qc
1001200601_E12	acinar
1001200601_E2	fail_qc
1001200601_E3	beta
1001200601_E4	fail_qc
1001200601_E5	fail_qc
1001200601_E6	alpha
1001200601_E7	fail_qc
1001200601_E8	beta
1001200601_E9	beta
1001200601_F10	alpha
1001200601_F11	beta
1001200601_F12	alpha
1001200601_F2	alpha
1001200601_F3	beta
1001200601_F4	fail_qc
1001200601_F5	beta
1001200601_F6	fail_qc
1001200601_F7	fail_qc
1001200601_F8	beta
1001200601_F9	fail_qc
1001200601_G10	beta
1001200601_G11	fail_qc
1001200601_G2	alpha
1001200601_G3	alpha
1001200601_G4	fail_qc
1001200601_G5	fail_qc
1001200601_G6	beta
1001200601_G8	alpha
1001200601_G9	alpha
1001200601_H10	beta
1001200601_H11	beta
1001200601_H2	alpha
1001200601_H3	fail_qc
1001200601_H5	fail_qc
1001200601_H6	alpha
1001200601_H7	fail_qc
1001200601_H8	beta
1001200601_H9	beta
1001200602_A10	fail_qc
1001200602_A2	fail_qc
1001200602_A3	fail_qc
1001200602_A4	fail_qc
1001200602_A5	fail_qc
1001200602_A6	alpha
1001200602_A7	beta
1001200602_A8	fail_qc
1001200602_A9	fail_qc
1001200602_B1	beta
1001200602_B10	beta
1001200602_B2	alpha
1001200602_B3	fail_qc
1001200602_B4	beta
1001200602_B5	fail_qc
1001200602_B6	alpha
1001200602_B7	beta
1001200602_B8	alpha
1001200602_B9	beta
1001200602_C1	beta
1001200602_C10	fail_qc
1001200602_C2	fail_qc
1001200602_C3	alpha
1001200602_C4	fail_qc
1001200602_C5	beta
1001200602_C6	alpha
1001200602_C7	beta
1001200602_C8	beta
1001200602_C9	fail_qc
1001200602_D1	fail_qc
1001200602_D10	alpha
1001200602_D2	fail_qc
1001200602_D3	beta
1001200602_D4	beta
1001200602_D5	alpha
1001200602_D6	alpha
1001200602_D7	alpha
1001200602_D8	fail_qc
1001200602_D9	beta
1001200602_E1	fail_qc
1001200602_E10	alpha
1001200602_E2	fail_qc
1001200602_E3	beta
1001200602_E4	fail_qc
1001200602_E5	fail_qc
1001200602_E6	alpha
1001200602_E7	beta
1001200602_E8	fail_qc
1001200602_E9	beta
1001200602_F1	fail_qc
1001200602_F10	alpha
1001200602_F2	beta
1001200602_F3	alpha
1001200602_F4	fail_qc
1001200602_F5	alpha
1001200602_F7	beta
1001200602_F8	beta
1001200602_G1	beta
1001200602_G2	beta
1001200602_G3	fail_qc
1001200602_G4	fail_qc
1001200602_G5	fail_qc
1001200602_G7	beta
1001200602_G8	alpha
1001200602_G9	fail_qc
1001200602_H1	beta
1001200602_H10	alpha
1001200602_H2	beta
1001200602_H3	beta
1001200602_H4	acinar
1001200602_H5	alpha
1001200602_H7	beta
1001200602_H8	fail_qc
1001200602_H9	fail_qc
1001200603_A1	fail_qc
1001200603_A2	fail_qc
1001200603_A3	fail_qc
1001200603_A4	alpha
1001200603_A5	alpha
1001200603_A6	beta
1001200603_B1	alpha
1001200603_B2	alpha
1001200603_B3	fail_qc
1001200603_B4	alpha
1001200603_B5	beta
1001200603_B6	beta
1001200603_C1	alpha
1001200603_C2	alpha
1001200603_C3	alpha
1001200603_C4	fail_qc
1001200603_C5	fail_qc
1001200603_C6	beta
1001200603_D1	alpha
1001200603_D2	beta
1001200603_D3	beta
1001200603_D4	fail_qc
1001200603_D5	beta
1001200603_D6	acinar
1001200603_E1	alpha
1001200603_E2	alpha
1001200603_E3	beta
1001200603_E4	beta
1001200603_E5	fail_qc
1001200603_E6	alpha
1001200603_F1	beta
1001200603_F2	fail_qc
1001200603_F3	beta
1001200603_F4	beta
1001200603_F5	fail_qc
1001200603_F6	fail_qc
1001200603_G1	alpha
1001200603_G2	alpha
1001200603_G3	alpha
1001200603_G4	alpha
1001200603_G5	fail_qc
1001200603_G6	alpha
1001200603_H1	beta
1001200603_H2	beta
1001200603_H3	beta
1001200603_H4	alpha
1001200603_H5	beta
1001200603_H6	alpha
1001200604_A10	beta
1001200604_A11	beta
1001200604_A12	alpha
1001200604_A2	alpha
1001200604_A3	alpha
1001200604_A4	alpha
1001200604_A5	alpha
1001200604_A6	alpha
1001200604_A7	fail_qc
1001200604_A8	fail_qc
1001200604_A9	beta
1001200604_B1	fail_qc
1001200604_B10	fail_qc
1001200604_B11	fail_qc
1001200604_B12	alpha
1001200604_B2	beta
1001200604_B3	alpha
1001200604_B4	alpha
1001200604_B5	fail_qc
1001200604_B6	beta
1001200604_B7	fail_qc
1001200604_B8	beta
1001200604_B9	fail_qc
1001200604_C1	alpha
1001200604_C10	beta
1001200604_C11	fail_qc
1001200604_C12	alpha
1001200604_C2	beta
1001200604_C3	beta
1001200604_C4	alpha
1001200604_C5	alpha
1001200604_C6	alpha
1001200604_C7	fail_qc
1001200604_C8	beta
1001200604_C9	fail_qc
1001200604_D1	alpha
1001200604_D10	beta
1001200604_D11	gamma
1001200604_D12	alpha
1001200604_D2	fail_qc
1001200604_D3	alpha
1001200604_D4	alpha
1001200604_D5	alpha
1001200604_D7	beta
1001200604_D8	alpha
1001200604_D9	beta
1001200604_E1	alpha
1001200604_E10	alpha
1001200604_E11	delta
1001200604_E12	gamma
1001200604_E3	alpha
1001200604_E4	alpha
1001200604_E5	alpha
1001200604_E6	fail_qc
1001200604_E7	beta
1001200604_E8	beta
1001200604_E9	beta
1001200604_F1	alpha
1001200604_F10	beta
1001200604_F11	beta
1001200604_F12	beta
1001200604_F2	delta
1001200604_F3	alpha
1001200604_F4	alpha
1001200604_F5	alpha
1001200604_F6	alpha
1001200604_F7	fail_qc
1001200604_F8	fail_qc
1001200604_F9	fail_qc
1001200604_G10	beta
1001200604_G12	gamma
1001200604_G2	alpha
1001200604_G3	alpha
1001200604_G4	alpha
1001200604_G5	alpha
1001200604_G6	alpha
1001200604_G7	beta
1001200604_G8	fail_qc
1001200604_G9	fail_qc
1001200604_H1	alpha
1001200604_H10	fail_qc
1001200604_H11	gamma
1001200604_H12	gamma
1001200604_H2	alpha
1001200604_H3	alpha
1001200604_H4	alpha
1001200604_H6	alpha
1001200604_H7	fail_qc
1001200604_H8	alpha
1001200604_H9	beta
1001200605_A1	alpha
1001200605_A10	fail_qc
1001200605_A11	fail_qc
1001200605_A12	fail_qc
1001200605_A3	fail_qc
1001200605_A8	fail_qc
1001200605_A9	acinar
1001200605_B1	alpha
1001200605_B10	fail_qc
1001200605_B11	beta
1001200605_B12	alpha
1001200605_B2	alpha
1001200605_B3	alpha
1001200605_B8	fail_qc
1001200605_B9	beta
1001200605_C1	alpha
1001200605_C10	beta
1001200605_C11	fail_qc
1001200605_C12	fail_qc
1001200605_C2	alpha
1001200605_C3	alpha
1001200605_C8	beta
1001200605_C9	fail_qc
1001200605_D1	alpha
1001200605_D10	fail_qc
1001200605_D11	beta
1001200605_D8	beta
1001200605_D9	beta
1001200605_E1	fail_qc
1001200605_E10	beta
1001200605_E11	fail_qc
1001200605_E12	beta
1001200605_E2	alpha
1001200605_E3	fail_qc
1001200605_E7	beta
1001200605_E8	fail_qc
1001200605_F1	alpha
1001200605_F11	beta
1001200605_F12	beta
1001200605_F2	alpha
1001200605_F3	fail_qc
1001200605_F7	fail_qc
1001200605_F8	fail_qc
1001200605_F9	beta
1001200605_G1	alpha
1001200605_G10	fail_qc
1001200605_G11	beta
1001200605_G12	acinar
1001200605_G3	fail_qc
1001200605_G7	beta
1001200605_G8	beta
1001200605_G9	beta
1001200605_H1	alpha
1001200605_H10	fail_qc
1001200605_H11	beta
1001200605_H12	alpha
1001200605_H2	alpha
1001200605_H3	fail_qc
1001200605_H7	fail_qc
1001200605_H8	fail_qc
1001200605_H9	fail_qc
1001200606_A10	beta
1001200606_A11	beta
1001200606_A12	fail_qc
1001200606_A3	fail_qc
1001200606_A4	alpha
1001200606_A5	alpha
1001200606_A6	alpha
1001200606_A7	beta
1001200606_A8	alpha
1001200606_A9	beta
1001200606_B1	beta
1001200606_B10	beta
1001200606_B11	beta
1001200606_B12	beta
1001200606_B2	alpha
1001200606_B3	alpha
1001200606_B4	alpha
1001200606_B5	beta
1001200606_B6	fail_qc
1001200606_B7	beta
1001200606_B8	beta
1001200606_B9	fail_qc
1001200606_C1	alpha
1001200606_C10	fail_qc
1001200606_C11	beta
1001200606_C12	beta
1001200606_C2	alpha
1001200606_C3	fail_qc
1001200606_C4	fail_qc
1001200606_C5	alpha
1001200606_C6	beta
1001200606_C7	alpha
1001200606_C8	beta
1001200606_C9	beta
1001200606_D1	fail_qc
1001200606_D10	beta
1001200606_D11	beta
1001200606_D12	fail_qc
1001200606_D2	alpha
1001200606_D3	fail_qc
1001200606_D5	alpha
1001200606_D6	alpha
1001200606_D7	beta
1001200606_D8	beta
1001200606_D9	beta
1001200606_E1	alpha
1001200606_E10	beta
1001200606_E11	beta
1001200606_E12	fail_qc
1001200606_E3	alpha
1001200606_E4	alpha
1001200606_E5	fail_qc
1001200606_E6	beta
1001200606_E7	beta
1001200606_E8	beta
1001200606_E9	fail_qc
1001200606_F1	alpha
1001200606_F10	alpha
1001200606_F11	beta
1001200606_F12	beta
1001200606_F3	delta
1001200606_F5	alpha
1001200606_F6	beta
1001200606_F7	fail_qc
1001200606_F8	beta
1001200606_F9	beta
1001200606_G1	alpha
1001200606_G10	beta
1001200606_G11	beta
1001200606_G2	alpha
1001200606_G3	beta
1001200606_G4	alpha
1001200606_G5	alpha
1001200606_G6	beta
1001200606_G7	beta
1001200606_G8	beta
1001200606_G9	fail_qc
1001200606_H1	alpha
1001200606_H11	fail_qc
1001200606_H2	beta
1001200606_H3	alpha
1001200606_H4	alpha
1001200606_H5	alpha
1001200606_H6	alpha
1001200606_H8	alpha
1001200606_H9	beta
1001200607_A10	alpha
1001200607_A11	alpha
1001200607_A12	beta
1001200607_A2	alpha
1001200607_A3	fail_qc
1001200607_A4	alpha
1001200607_A5	fail_qc
1001200607_A6	beta
1001200607_A7	alpha
1001200607_A8	alpha
1001200607_B1	alpha
1001200607_B10	fail_qc
1001200607_B12	beta
1001200607_B2	alpha
1001200607_B3	alpha
1001200607_B4	alpha
1001200607_B5	beta
1001200607_B6	beta
1001200607_B7	alpha
1001200607_B8	alpha
1001200607_B9	alpha
1001200607_C1	alpha
1001200607_C10	alpha
1001200607_C11	beta
1001200607_C12	fail_qc
1001200607_C2	alpha
1001200607_C3	alpha
1001200607_C4	fail_qc
1001200607_C5	beta
1001200607_C6	alpha
1001200607_C7	fail_qc
1001200607_C8	alpha
1001200607_C9	alpha
1001200607_D1	alpha
1001200607_D10	alpha
1001200607_D11	beta
1001200607_D12	alpha
1001200607_D2	alpha
1001200607_D3	alpha
1001200607_D4	alpha
1001200607_D5	alpha
1001200607_D6	beta
1001200607_D7	alpha
1001200607_D8	alpha
1001200607_D9	fail_qc
1001200607_E1	fail_qc
1001200607_E10	alpha
1001200607_E11	fail_qc
1001200607_E12	alpha
1001200607_E2	alpha
1001200607_E3	alpha
1001200607_E4	alpha
1001200607_E5	beta
1001200607_E6	fail_qc
1001200607_E7	alpha
1001200607_E8	beta
1001200607_E9	fail_qc
1001200607_F1	alpha
1001200607_F10	alpha
1001200607_F11	beta
1001200607_F12	fail_qc
1001200607_F2	alpha
1001200607_F3	alpha
1001200607_F4	alpha
1001200607_F5	alpha
1001200607_F6	beta
1001200607_F7	alpha
1001200607_F8	alpha
1001200607_F9	alpha
1001200607_G1	alpha
1001200607_G10	fail_qc
1001200607_G12	beta
1001200607_G2	alpha
1001200607_G3	alpha
1001200607_G4	alpha
1001200607_G5	beta
1001200607_G6	fail_qc
1001200607_G7	alpha
1001200607_G8	alpha
1001200607_G9	beta
1001200607_H10	alpha
1001200607_H11	beta
1001200607_H12	fail_qc
1001200607_H2	alpha
1001200607_H3	alpha
1001200607_H4	beta
1001200607_H5	beta
1001200607_H6	alpha
1001200607_H8	alpha
1001200607_H9	beta
1001200608_A1	alpha
1001200608_A10	alpha
1001200608_A11	alpha
1001200608_A12	alpha
1001200608_A2	alpha
1001200608_A3	alpha
1001200608_A4	alpha
1001200608_A5	beta
1001200608_A6	fail_qc
1001200608_A7	fail_qc
1001200608_A8	fail_qc
1001200608_A9	alpha
1001200608_B1	fail_qc
1001200608_B10	alpha
1001200608_B11	fail_qc
1001200608_B12	alpha
1001200608_B2	alpha
1001200608_B3	fail_qc
1001200608_B4	alpha
1001200608_B5	beta
1001200608_B6	beta
1001200608_B7	beta
1001200608_B8	alpha
1001200608_B9	alpha
1001200608_C1	alpha
1001200608_C10	fail_qc
1001200608_C11	alpha
1001200608_C12	beta
1001200608_C2	alpha
1001200608_C3	alpha
1001200608_C4	fail_qc
1001200608_C5	beta
1001200608_C6	fail_qc
1001200608_C8	alpha
1001200608_C9	alpha
1001200608_D1	alpha
1001200608_D10	alpha
1001200608_D11	alpha
1001200608_D12	beta
1001200608_D2	alpha
1001200608_D3	alpha
1001200608_D4	alpha
1001200608_D5	beta
1001200608_D6	beta
1001200608_D7	beta
1001200608_D8	alpha
1001200608_D9	alpha
1001200608_E1	alpha
1001200608_E10	alpha
1001200608_E11	beta
1001200608_E12	fail_qc
1001200608_E2	fail_qc
1001200608_E4	fail_qc
1001200608_E5	fail_qc
1001200608_E6	beta
1001200608_E7	beta
1001200608_E8	fail_qc
1001200608_E9	alpha
1001200608_F1	fail_qc
1001200608_F10	alpha
1001200608_F11	alpha
1001200608_F12	beta
1001200608_F2	alpha
1001200608_F3	alpha
1001200608_F4	beta
1001200608_F5	beta
1001200608_F6	beta
1001200608_F7	alpha
1001200608_F8	fail_qc
1001200608_F9	alpha
1001200608_G1	fail_qc
1001200608_G10	alpha
1001200608_G11	beta
1001200608_G12	alpha
1001200608_G2	fail_qc
1001200608_G3	fail_qc
1001200608_G4	beta
1001200608_G5	beta
1001200608_G6	beta
1001200608_G7	beta
1001200608_G8	alpha
1001200608_G9	alpha
1001200608_H10	alpha
1001200608_H12	beta
1001200608_H2	alpha
1001200608_H3	alpha
1001200608_H4	alpha
1001200608_H5	beta
1001200608_H6	beta
1001200608_H7	beta
1001200608_H8	alpha
1001200608_H9	alpha
1001200609_A1	alpha
1001200609_A10	beta
1001200609_A11	alpha
1001200609_A12	acinar
1001200609_A2	beta
1001200609_A3	beta
1001200609_A4	alpha
1001200609_A5	alpha
1001200609_A6	alpha
1001200609_A7	alpha
1001200609_A8	beta
1001200609_A9	beta
1001200609_B1	fail_qc
1001200609_B10	alpha
1001200609_B11	fail_qc
1001200609_B12	beta
1001200609_B2	beta
1001200609_B3	beta
1001200609_B4	fail_qc
1001200609_B5	fail_qc
1001200609_B6	beta
1001200609_B7	beta
1001200609_B8	beta
1001200609_B9	alpha
1001200609_C1	alpha
1001200609_C10	fail_qc
1001200609_C11	acinar
1001200609_C12	acinar
1001200609_C2	fail_qc
1001200609_C3	beta
1001200609_C4	beta
1001200609_C5	fail_qc
1001200609_C6	beta
1001200609_C7	beta
1001200609_C8	beta
1001200609_C9	fail_qc
1001200609_D1	beta
1001200609_D10	alpha
1001200609_D11	acinar
1001200609_D12	acinar
1001200609_D2	alpha
1001200609_D3	alpha
1001200609_D4	delta
1001200609_D5	alpha
1001200609_D6	beta
1001200609_D7	fail_qc
1001200609_D8	beta
1001200609_D9	fail_qc
1001200609_E1	beta
1001200609_E10	other
1001200609_E11	alpha
1001200609_E12	acinar
1001200609_E2	fail_qc
1001200609_E3	alpha
1001200609_E4	alpha
1001200609_E5	beta
1001200609_E6	alpha
1001200609_E7	alpha
1001200609_E8	beta
1001200609_E9	beta
1001200609_F1	beta
1001200609_F10	fail_qc
1001200609_F11	acinar
1001200609_F12	acinar
1001200609_F2	fail_qc
1001200609_F3	beta
1001200609_F4	beta
1001200609_F5	alpha
1001200609_F6	beta
1001200609_F7	fail_qc
1001200609_F8	beta
1001200609_F9	fail_qc
1001200609_G1	fail_qc
1001200609_G10	alpha
1001200609_G11	acinar
1001200609_G12	acinar
1001200609_G2	beta
1001200609_G3	beta
1001200609_G4	alpha
1001200609_G5	beta
1001200609_G6	alpha
1001200609_G7	beta
1001200609_G8	fail_qc
1001200609_G9	alpha
1001200609_H1	beta
1001200609_H11	acinar
1001200609_H12	acinar
1001200609_H2	beta
1001200609_H3	beta
1001200609_H4	fail_qc
1001200609_H5	alpha
1001200609_H6	alpha
1001200609_H7	beta
1001200609_H8	fail_qc
1001200609_H9	alpha
1001200610_A1	acinar
1001200610_A10	alpha
1001200610_A11	fail_qc
1001200610_A12	alpha
1001200610_A2	acinar
1001200610_A3	beta
1001200610_A4	alpha
1001200610_A5	alpha
1001200610_A6	alpha
1001200610_A7	fail_qc
1001200610_A8	fail_qc
1001200610_A9	beta
1001200610_B1	fail_qc
1001200610_B10	alpha
1001200610_B11	alpha
1001200610_B12	alpha
1001200610_B2	acinar
1001200610_B3	fail_qc
1001200610_B4	fail_qc
1001200610_B5	alpha
1001200610_B6	beta
1001200610_B7	beta
1001200610_B8	alpha
1001200610_B9	beta
1001200610_C1	acinar
1001200610_C10	alpha
1001200610_C11	alpha
1001200610_C12	fail_qc
1001200610_C2	acinar
1001200610_C3	alpha
1001200610_C4	alpha
1001200610_C5	alpha
1001200610_C6	beta
1001200610_C7	beta
1001200610_C8	alpha
1001200610_C9	delta
1001200610_D1	acinar
1001200610_D10	alpha
1001200610_D11	fail_qc
1001200610_D12	alpha
1001200610_D2	acinar
1001200610_D3	delta
1001200610_D4	fail_qc
1001200610_D5	alpha
1001200610_D6	alpha
1001200610_D7	fail_qc
1001200610_D8	alpha
1001200610_D9	fail_qc
1001200610_E1	acinar
1001200610_E10	alpha
1001200610_E11	alpha
1001200610_E12	fail_qc
1001200610_E2	alpha
1001200610_E3	beta
1001200610_E4	delta
1001200610_E5	alpha
1001200610_E6	alpha
1001200610_E7	alpha
1001200610_E8	alpha
1001200610_E9	fail_qc
1001200610_F1	acinar
1001200610_F10	alpha
1001200610_F11	fail_qc
1001200610_F12	alpha
1001200610_F2	alpha
1001200610_F3	beta
1001200610_F4	beta
1001200610_F5	alpha
1001200610_F6	alpha
1001200610_F7	alpha
1001200610_F8	alpha
1001200610_F9	beta
1001200610_G1	acinar
1001200610_G10	alpha
1001200610_G11	alpha
1001200610_G12	fail_qc
1001200610_G2	acinar
1001200610_G3	alpha
1001200610_G4	alpha
1001200610_G5	alpha
1001200610_G6	fail_qc
1001200610_G7	alpha
1001200610_G8	alpha
1001200610_G9	alpha
1001200610_H1	acinar
1001200610_H10	alpha
1001200610_H11	fail_qc
1001200610_H12	fail_qc
1001200610_H2	acinar
1001200610_H3	alpha
1001200610_H4	alpha
1001200610_H5	fail_qc
1001200610_H6	beta
1001200610_H7	alpha
1001200610_H8	alpha
1001200610_H9	beta
1001200611_A1	fail_qc
1001200611_A10	alpha
1001200611_A11	alpha
1001200611_A12	alpha
1001200611_A2	alpha
1001200611_A3	alpha
1001200611_A4	beta
1001200611_A5	beta
1001200611_A6	fail_qc
1001200611_A7	alpha
1001200611_A8	alpha
1001200611_A9	alpha
1001200611_B1	fail_qc
1001200611_B10	alpha
1001200611_B11	alpha
1001200611_B12	alpha
1001200611_B2	fail_qc
1001200611_B3	alpha
1001200611_B4	alpha
1001200611_B5	alpha
1001200611_B6	alpha
1001200611_B7	alpha
1001200611_B8	alpha
1001200611_B9	fail_qc
1001200611_C1	fail_qc
1001200611_C10	alpha
1001200611_C11	alpha
1001200611_C12	alpha
1001200611_C2	alpha
1001200611_C3	beta
1001200611_C4	beta
1001200611_C5	alpha
1001200611_C6	alpha
1001200611_C7	fail_qc
1001200611_C8	fail_qc
1001200611_C9	fail_qc
1001200611_D1	fail_qc
1001200611_D10	fail_qc
1001200611_D11	alpha
1001200611_D12	alpha
1001200611_D2	fail_qc
1001200611_D3	fail_qc
1001200611_D4	alpha
1001200611_D5	fail_qc
1001200611_D6	fail_qc
1001200611_D7	beta
1001200611_D8	fail_qc
1001200611_D9	fail_qc
1001200611_E1	fail_qc
1001200611_E10	alpha
1001200611_E11	alpha
1001200611_E12	fail_qc
1001200611_E2	alpha
1001200611_E3	beta
1001200611_E4	beta
1001200611_E5	alpha
1001200611_E6	alpha
1001200611_E7	fail_qc
1001200611_E8	fail_qc
1001200611_E9	alpha
1001200611_F1	alpha
1001200611_F10	alpha
1001200611_F11	alpha
1001200611_F12	alpha
1001200611_F2	alpha
1001200611_F3	fail_qc
1001200611_F4	delta
1001200611_F5	alpha
1001200611_F6	alpha
1001200611_F7	fail_qc
1001200611_F8	fail_qc
1001200611_F9	alpha
1001200611_G1	alpha
1001200611_G10	alpha
1001200611_G11	alpha
1001200611_G12	other
1001200611_G2	alpha
1001200611_G4	beta
1001200611_G5	fail_qc
1001200611_G6	alpha
1001200611_G7	beta
1001200611_G8	fail_qc
1001200611_G9	alpha
1001200611_H1	fail_qc
1001200611_H10	alpha
1001200611_H11	alpha
1001200611_H12	alpha
1001200611_H2	fail_qc
1001200611_H4	delta
1001200611_H5	alpha
1001200611_H6	alpha
1001200611_H7	alpha
1001200611_H8	alpha
1001200611_H9	alpha
1001200612_A1	fail_qc
1001200612_A10	alpha
1001200612_A2	beta
1001200612_A3	alpha
1001200612_A4	alpha
1001200612_A5	gamma
1001200612_A6	gamma
1001200612_A7	alpha
1001200612_A8	fail_qc
1001200612_A9	fail_qc
1001200612_B1	alpha
1001200612_B10	alpha
1001200612_B2	beta
1001200612_B3	alpha
1001200612_B4	alpha
1001200612_B5	gamma
1001200612_B6	alpha
1001200612_B7	alpha
1001200612_B8	fail_qc
1001200612_B9	alpha
1001200612_C1	alpha
1001200612_C10	alpha
1001200612_C2	alpha
1001200612_C3	alpha
1001200612_C4	alpha
1001200612_C5	alpha
1001200612_C6	alpha
1001200612_C7	alpha
1001200612_C8	fail_qc
1001200612_C9	fail_qc
1001200612_D1	alpha
1001200612_D10	alpha
1001200612_D2	alpha
1001200612_D3	alpha
1001200612_D4	alpha
1001200612_D5	alpha
1001200612_D6	alpha
1001200612_D7	alpha
1001200612_D8	fail_qc
1001200612_D9	fail_qc
1001200612_E1	fail_qc
1001200612_E10	beta
1001200612_E2	fail_qc
1001200612_E3	fail_qc
1001200612_E4	fail_qc
1001200612_E5	alpha
1001200612_E6	alpha
1001200612_E7	alpha
1001200612_E8	fail_qc
1001200612_E9	fail_qc
1001200612_F1	alpha
1001200612_F10	beta
1001200612_F2	alpha
1001200612_F3	alpha
1001200612_F4	alpha
1001200612_F5	alpha
1001200612_F6	alpha
1001200612_F7	alpha
1001200612_F8	fail_qc
1001200612_F9	alpha
1001200612_G1	alpha
1001200612_G10	alpha
1001200612_G2	fail_qc
1001200612_G3	alpha
1001200612_G4	alpha
1001200612_G5	alpha
1001200612_G6	alpha
1001200612_G7	alpha
1001200612_G8	fail_qc
1001200612_G9	beta
1001200612_H1	alpha
1001200612_H10	alpha
1001200612_H2	beta
1001200612_H3	delta
1001200612_H4	alpha
1001200612_H6	alpha
1001200612_H7	alpha
1001200612_H8	fail_qc
1001200612_H9	alpha
1001200613_A1	ductal
1001200613_A11	gamma
1001200613_A12	beta
1001200613_A2	beta
1001200613_A3	acinar
1001200613_A4	gamma
1001200613_A5	gamma
1001200613_A6	ductal
1001200613_A7	beta
1001200613_A8	gamma
1001200613_A9	beta
1001200613_B1	fail_qc
1001200613_B11	alpha
1001200613_B12	beta
1001200613_B2	beta
1001200613_B3	acinar
1001200613_B4	beta
1001200613_B5	gamma
1001200613_B6	ductal
1001200613_B7	beta
1001200613_B8	gamma
1001200613_B9	beta
1001200613_C1	ductal
1001200613_C10	gamma
1001200613_C11	acinar
1001200613_C12	beta
1001200613_C2	ductal
1001200613_C3	beta
1001200613_C4	beta
1001200613_C5	gamma
1001200613_C6	fail_qc
1001200613_C7	beta
1001200613_C8	fail_qc
1001200613_C9	beta
1001200613_D1	acinar
1001200613_D11	beta
1001200613_D12	beta
1001200613_D2	beta
1001200613_D3	beta
1001200613_D4	beta
1001200613_D5	ductal
1001200613_D6	gamma
1001200613_D7	fail_qc
1001200613_D8	beta
1001200613_D9	beta
1001200613_E1	fail_qc
1001200613_E10	acinar
1001200613_E11	beta
1001200613_E12	fail_qc
1001200613_E2	alpha
1001200613_E3	gamma
1001200613_E4	beta
1001200613_E5	acinar
1001200613_E6	gamma
1001200613_E7	beta
1001200613_E8	beta
1001200613_E9	fail_qc
1001200613_F1	PSCs
1001200613_F10	alpha
1001200613_F11	beta
1001200613_F12	alpha
1001200613_F2	alpha
1001200613_F3	gamma
1001200613_F4	gamma
1001200613_F5	gamma
1001200613_F6	beta
1001200613_F7	fail_qc
1001200613_F8	fail_qc
1001200613_F9	fail_qc
1001200613_G1	beta
1001200613_G10	gamma
1001200613_G11	alpha
1001200613_G12	fail_qc
1001200613_G2	alpha
1001200613_G3	acinar
1001200613_G4	gamma
1001200613_G5	gamma
1001200613_G6	beta
1001200613_G7	alpha
1001200613_G8	beta
1001200613_G9	gamma
1001200613_H1	acinar
1001200613_H10	fail_qc
1001200613_H2	beta
1001200613_H3	gamma
1001200613_H4	gamma
1001200613_H5	acinar
1001200613_H6	beta
1001200613_H7	gamma
1001200613_H8	fail_qc
1001200614_A1	alpha
1001200614_A10	fail_qc
1001200614_A11	alpha
1001200614_A12	alpha
1001200614_A2	alpha
1001200614_A3	fail_qc
1001200614_A4	alpha
1001200614_A5	fail_qc
1001200614_A6	delta
1001200614_A7	delta
1001200614_A8	beta
1001200614_B1	alpha
1001200614_B10	alpha
1001200614_B11	alpha
1001200614_B12	fail_qc
1001200614_B2	alpha
1001200614_B3	delta
1001200614_B4	beta
1001200614_B5	alpha
1001200614_B6	beta
1001200614_B7	beta
1001200614_B8	delta
1001200614_B9	alpha
1001200614_C1	fail_qc
1001200614_C10	fail_qc
1001200614_C11	alpha
1001200614_C12	alpha
1001200614_C2	alpha
1001200614_C3	alpha
1001200614_C4	other
1001200614_C5	alpha
1001200614_C6	beta
1001200614_C7	beta
1001200614_C8	beta
1001200614_C9	alpha
1001200614_D1	alpha
1001200614_D10	alpha
1001200614_D11	alpha
1001200614_D12	alpha
1001200614_D2	alpha
1001200614_D3	fail_qc
1001200614_D4	other
1001200614_D5	alpha
1001200614_D6	delta
1001200614_D7	delta
1001200614_D8	beta
1001200614_D9	alpha
1001200614_E1	fail_qc
1001200614_E10	alpha
1001200614_E11	alpha
1001200614_E12	alpha
1001200614_E2	alpha
1001200614_E3	alpha
1001200614_E4	beta
1001200614_E5	alpha
1001200614_E6	delta
1001200614_E8	beta
1001200614_E9	alpha
1001200614_F1	fail_qc
1001200614_F10	fail_qc
1001200614_F11	alpha
1001200614_F12	alpha
1001200614_F2	alpha
1001200614_F3	alpha
1001200614_F4	alpha
1001200614_F5	alpha
1001200614_F6	beta
1001200614_F7	beta
1001200614_F8	beta
1001200614_F9	alpha
1001200614_G1	alpha
1001200614_G10	fail_qc
1001200614_G11	beta
1001200614_G12	fail_qc
1001200614_G2	alpha
1001200614_G3	alpha
1001200614_G4	alpha
1001200614_G5	alpha
1001200614_G6	delta
1001200614_G7	beta
1001200614_G8	beta
1001200614_G9	alpha
1001200614_H1	beta
1001200614_H10	alpha
1001200614_H2	alpha
1001200614_H3	alpha
1001200614_H4	alpha
1001200614_H5	fail_qc
1001200614_H6	beta
1001200614_H8	beta
1001200614_H9	alpha
1001200615_A1	alpha
1001200615_A10	alpha
1001200615_A11	gamma
1001200615_A12	alpha
1001200615_A2	alpha
1001200615_A3	alpha
1001200615_A4	alpha
1001200615_A5	fail_qc
1001200615_A6	alpha
1001200615_A7	fail_qc
1001200615_A8	gamma
1001200615_A9	alpha
1001200615_B1	alpha
1001200615_B10	alpha
1001200615_B11	alpha
1001200615_B12	alpha
1001200615_B2	beta
1001200615_B3	alpha
1001200615_B4	alpha
1001200615_B5	beta
1001200615_B6	alpha
1001200615_B7	alpha
1001200615_B8	alpha
1001200615_B9	alpha
1001200615_C1	alpha
1001200615_C10	alpha
1001200615_C11	ductal
1001200615_C12	alpha
1001200615_C2	alpha
1001200615_C3	beta
1001200615_C4	beta
1001200615_C5	alpha
1001200615_C6	acinar
1001200615_C7	ductal
1001200615_C8	alpha
1001200615_C9	alpha
1001200615_D1	fail_qc
1001200615_D10	alpha
1001200615_D11	gamma
1001200615_D12	alpha
1001200615_D2	alpha
1001200615_D3	beta
1001200615_D4	alpha
1001200615_D5	alpha
1001200615_D6	alpha
1001200615_D7	alpha
1001200615_D8	alpha
1001200615_D9	alpha
1001200615_E1	alpha
1001200615_E10	gamma
1001200615_E12	alpha
1001200615_E2	alpha
1001200615_E3	alpha
1001200615_E4	alpha
1001200615_E5	alpha
1001200615_E6	ductal
1001200615_E8	gamma
1001200615_E9	alpha
1001200615_F1	alpha
1001200615_F10	ductal
1001200615_F11	alpha
1001200615_F12	fail_qc
1001200615_F2	alpha
1001200615_F3	alpha
1001200615_F4	fail_qc
1001200615_F5	alpha
1001200615_F6	alpha
1001200615_F7	alpha
1001200615_F8	alpha
1001200615_F9	fail_qc
1001200615_G1	beta
1001200615_G10	fail_qc
1001200615_G11	fail_qc
1001200615_G12	alpha
1001200615_G3	alpha
1001200615_G4	alpha
1001200615_G5	alpha
1001200615_G6	fail_qc
1001200615_G7	fail_qc
1001200615_G8	fail_qc
1001200615_G9	alpha
1001200615_H1	alpha
1001200615_H10	gamma
1001200615_H11	alpha
1001200615_H12	alpha
1001200615_H2	alpha
1001200615_H3	alpha
1001200615_H4	alpha
1001200615_H5	alpha
1001200615_H7	gamma
1001200615_H8	alpha
1001200615_H9	alpha
1001200616_A1	fail_qc
1001200616_A2	fail_qc
1001200616_A3	gamma
1001200616_A4	gamma
1001200616_A5	alpha
1001200616_A6	alpha
1001200616_A7	alpha
1001200616_B1	alpha
1001200616_B2	alpha
1001200616_B3	alpha
1001200616_B4	alpha
1001200616_B5	alpha
1001200616_B6	alpha
1001200616_B7	alpha
1001200616_C1	alpha
1001200616_C2	alpha
1001200616_C3	alpha
1001200616_C4	alpha
1001200616_C5	alpha
1001200616_C6	alpha
1001200616_C7	alpha
1001200616_D1	alpha
1001200616_D2	ductal
1001200616_D3	ductal
1001200616_D4	ductal
1001200616_D5	alpha
1001200616_D7	alpha
1001200616_E1	alpha
1001200616_E2	alpha
1001200616_E3	fail_qc
1001200616_E4	alpha
1001200616_E5	alpha
1001200616_E6	alpha
1001200616_E7	alpha
1001200616_F1	alpha
1001200616_F2	alpha
1001200616_F3	alpha
1001200616_F4	alpha
1001200616_F5	alpha
1001200616_F6	alpha
1001200616_G1	alpha
1001200616_G2	alpha
1001200616_G3	alpha
1001200616_G4	fail_qc
1001200616_G5	alpha
1001200616_G6	alpha
1001200616_H1	gamma
1001200616_H2	alpha
1001200616_H3	alpha
1001200616_H4	fail_qc
1001200616_H5	alpha
1001200616_H6	alpha
1001200617_A1	alpha
1001200617_A10	alpha
1001200617_A11	alpha
1001200617_A12	alpha
1001200617_A2	alpha
1001200617_A3	alpha
1001200617_A4	alpha
1001200617_A5	fail_qc
1001200617_A7	fail_qc
1001200617_A8	fail_qc
1001200617_A9	beta
1001200617_B1	fail_qc
1001200617_B10	beta
1001200617_B11	alpha
1001200617_B12	alpha
1001200617_B2	beta
1001200617_B3	alpha
1001200617_B4	fail_qc
1001200617_B5	other
1001200617_B6	alpha
1001200617_B7	alpha
1001200617_B8	fail_qc
1001200617_B9	beta
1001200617_C1	alpha
1001200617_C10	fail_qc
1001200617_C11	alpha
1001200617_C12	alpha
1001200617_C2	beta
1001200617_C3	fail_qc
1001200617_C4	acinar
1001200617_C5	other
1001200617_C6	fail_qc
1001200617_C7	fail_qc
1001200617_C8	fail_qc
1001200617_C9	alpha
1001200617_D1	alpha
1001200617_D10	alpha
1001200617_D11	alpha
1001200617_D12	alpha
1001200617_D2	alpha
1001200617_D3	alpha
1001200617_D4	acinar
1001200617_D5	acinar
1001200617_D6	alpha
1001200617_D7	beta
1001200617_D8	fail_qc
1001200617_D9	alpha
1001200617_E1	fail_qc
1001200617_E10	alpha
1001200617_E11	beta
1001200617_E12	alpha
1001200617_E2	alpha
1001200617_E3	alpha
1001200617_E4	fail_qc
1001200617_E5	acinar
1001200617_E6	alpha
1001200617_E7	alpha
1001200617_E9	beta
1001200617_F1	fail_qc
1001200617_F10	alpha
1001200617_F11	beta
1001200617_F12	alpha
1001200617_F2	alpha
1001200617_F3	alpha
1001200617_F4	acinar
1001200617_F5	acinar
1001200617_F6	alpha
1001200617_F7	alpha
1001200617_F9	alpha
1001200617_G1	fail_qc
1001200617_G10	acinar
1001200617_G11	fail_qc
1001200617_G12	alpha
1001200617_G2	alpha
1001200617_G3	fail_qc
1001200617_G4	fail_qc
1001200617_G5	fail_qc
1001200617_G6	alpha
1001200617_G7	alpha
1001200617_G9	alpha
1001200617_H1	alpha
1001200617_H10	gamma
1001200617_H11	alpha
1001200617_H2	alpha
1001200617_H4	other
1001200617_H5	fail_qc
1001200617_H6	fail_qc
1001200617_H7	alpha
1001200617_H9	fail_qc
1001200618_A1	alpha
1001200618_A10	alpha
1001200618_A11	alpha
1001200618_A12	beta
1001200618_A2	beta
1001200618_A3	alpha
1001200618_A4	alpha
1001200618_A5	beta
1001200618_A6	beta
1001200618_A7	alpha
1001200618_A8	alpha
1001200618_A9	fail_qc
1001200618_B1	alpha
1001200618_B10	alpha
1001200618_B11	alpha
1001200618_B12	fail_qc
1001200618_B2	beta
1001200618_B3	gamma
1001200618_B4	beta
1001200618_B5	gamma
1001200618_B6	beta
1001200618_B7	acinar
1001200618_B8	alpha
1001200618_B9	fail_qc
1001200618_C1	alpha
1001200618_C10	fail_qc
1001200618_C11	fail_qc
1001200618_C12	alpha
1001200618_C2	gamma
1001200618_C3	fail_qc
1001200618_C4	gamma
1001200618_C5	beta
1001200618_C6	alpha
1001200618_C7	fail_qc
1001200618_C8	alpha
1001200618_C9	alpha
1001200618_D1	alpha
1001200618_D10	alpha
1001200618_D11	alpha
1001200618_D12	alpha
1001200618_D2	beta
1001200618_D3	fail_qc
1001200618_D4	fail_qc
1001200618_D5	gamma
1001200618_D6	gamma
1001200618_D7	other
1001200618_D8	alpha
1001200618_D9	alpha
1001200618_E1	beta
1001200618_E10	alpha
1001200618_E11	alpha
1001200618_E12	alpha
1001200618_E2	acinar
1001200618_E3	gamma
1001200618_E4	beta
1001200618_E5	beta
1001200618_E6	beta
1001200618_E7	alpha
1001200618_E8	alpha
1001200618_E9	alpha
1001200618_F10	alpha
1001200618_F11	alpha
1001200618_F12	alpha
1001200618_F2	acinar
1001200618_F3	fail_qc
1001200618_F4	gamma
1001200618_F5	gamma
1001200618_F6	acinar
1001200618_F7	alpha
1001200618_F8	alpha
1001200618_F9	fail_qc
1001200618_G1	alpha
1001200618_G10	alpha
1001200618_G11	alpha
1001200618_G12	alpha
1001200618_G2	acinar
1001200618_G3	gamma
1001200618_G4	gamma
1001200618_G5	gamma
1001200618_G6	beta
1001200618_G7	fail_qc
1001200618_G8	acinar
1001200618_G9	alpha
1001200618_H1	alpha
1001200618_H11	alpha
1001200618_H3	gamma
1001200618_H4	alpha
1001200618_H7	alpha
1001200618_H8	alpha
1001200618_H9	alpha
1001200619_A1	alpha
1001200619_A10	alpha
1001200619_A11	fail_qc
1001200619_A2	beta
1001200619_A3	fail_qc
1001200619_A4	alpha
1001200619_A5	alpha
1001200619_A6	alpha
1001200619_A7	beta
1001200619_A8	alpha
1001200619_A9	alpha
1001200619_B1	alpha
1001200619_B10	delta
1001200619_B11	alpha
1001200619_B2	alpha
1001200619_B3	alpha
1001200619_B4	alpha
1001200619_B5	alpha
1001200619_B6	beta
1001200619_B7	alpha
1001200619_B8	alpha
1001200619_B9	beta
1001200619_C1	fail_qc
1001200619_C10	alpha
1001200619_C11	beta
1001200619_C12	fail_qc
1001200619_C2	alpha
1001200619_C3	alpha
1001200619_C4	alpha
1001200619_C5	alpha
1001200619_C6	fail_qc
1001200619_C7	alpha
1001200619_C8	alpha
1001200619_C9	fail_qc
1001200619_D1	beta
1001200619_D10	alpha
1001200619_D11	alpha
1001200619_D2	alpha
1001200619_D3	alpha
1001200619_D4	fail_qc
1001200619_D5	alpha
1001200619_D6	beta
1001200619_D7	fail_qc
1001200619_D8	alpha
1001200619_D9	beta
1001200619_E1	alpha
1001200619_E10	beta
1001200619_E11	beta
1001200619_E2	alpha
1001200619_E3	alpha
1001200619_E4	fail_qc
1001200619_E5	beta
1001200619_E6	fail_qc
1001200619_E7	beta
1001200619_E8	fail_qc
1001200619_E9	beta
1001200619_F1	alpha
1001200619_F10	alpha
1001200619_F11	beta
1001200619_F2	alpha
1001200619_F3	fail_qc
1001200619_F4	alpha
1001200619_F5	beta
1001200619_F6	beta
1001200619_F7	alpha
1001200619_F8	alpha
1001200619_F9	beta
1001200619_G1	alpha
1001200619_G10	alpha
1001200619_G11	alpha
1001200619_G2	alpha
1001200619_G3	alpha
1001200619_G4	alpha
1001200619_G5	alpha
1001200619_G6	alpha
1001200619_G7	beta
1001200619_G8	beta
1001200619_G9	alpha
1001200619_H1	fail_qc
1001200619_H11	alpha
1001200619_H2	alpha
1001200619_H3	alpha
1001200619_H4	alpha
1001200619_H5	alpha
1001200619_H6	beta
1001200619_H9	alpha
1001200620_A1	alpha
1001200620_A10	alpha
1001200620_A11	fail_qc
1001200620_A12	alpha
1001200620_A2	fail_qc
1001200620_A3	fail_qc
1001200620_A4	alpha
1001200620_A5	alpha
1001200620_A6	fail_qc
1001200620_A7	beta
1001200620_A8	alpha
1001200620_A9	alpha
1001200620_B1	fail_qc
1001200620_B10	fail_qc
1001200620_B11	alpha
1001200620_B12	alpha
1001200620_B2	fail_qc
1001200620_B3	alpha
1001200620_B4	alpha
1001200620_B5	alpha
1001200620_B6	alpha
1001200620_B7	alpha
1001200620_B8	alpha
1001200620_B9	alpha
1001200620_C1	fail_qc
1001200620_C10	alpha
1001200620_C11	alpha
1001200620_C12	alpha
1001200620_C2	alpha
1001200620_C3	alpha
1001200620_C4	alpha
1001200620_C5	alpha
1001200620_C6	alpha
1001200620_C7	fail_qc
1001200620_C8	alpha
1001200620_C9	alpha
1001200620_D1	alpha
1001200620_D10	alpha
1001200620_D11	alpha
1001200620_D12	alpha
1001200620_D2	alpha
1001200620_D3	alpha
1001200620_D4	alpha
1001200620_D5	fail_qc
1001200620_D6	alpha
1001200620_D7	alpha
1001200620_D8	alpha
1001200620_D9	fail_qc
1001200620_E1	beta
1001200620_E10	fail_qc
1001200620_E11	alpha
1001200620_E12	alpha
1001200620_E2	alpha
1001200620_E3	alpha
1001200620_E4	alpha
1001200620_E5	alpha
1001200620_E6	alpha
1001200620_E7	alpha
1001200620_E8	alpha
1001200620_E9	alpha
1001200620_F1	alpha
1001200620_F10	fail_qc
1001200620_F11	alpha
1001200620_F12	alpha
1001200620_F2	alpha
1001200620_F3	alpha
1001200620_F4	fail_qc
1001200620_F5	alpha
1001200620_F6	fail_qc
1001200620_F7	alpha
1001200620_F8	alpha
1001200620_F9	alpha
1001200620_G1	fail_qc
1001200620_G10	alpha
1001200620_G11	alpha
1001200620_G12	alpha
1001200620_G2	alpha
1001200620_G3	beta
1001200620_G4	alpha
1001200620_G5	alpha
1001200620_G6	fail_qc
1001200620_G7	alpha
1001200620_G8	alpha
1001200620_G9	alpha
1001200620_H1	beta
1001200620_H10	alpha
1001200620_H11	alpha
1001200620_H2	alpha
1001200620_H3	fail_qc
1001200620_H4	alpha
1001200620_H5	alpha
1001200620_H6	alpha
1001200620_H7	fail_qc
1001200620_H8	alpha
1001200621_A1	alpha
1001200621_A10	alpha
1001200621_A11	alpha
1001200621_A12	alpha
1001200621_A2	alpha
1001200621_A3	alpha
1001200621_A4	alpha
1001200621_A5	alpha
1001200621_A6	alpha
1001200621_A7	alpha
1001200621_A8	alpha
1001200621_A9	alpha
1001200621_B1	beta
1001200621_B10	beta
1001200621_B11	alpha
1001200621_B12	delta
1001200621_B2	alpha
1001200621_B3	alpha
1001200621_B4	alpha
1001200621_B5	beta
1001200621_B6	alpha
1001200621_B7	fail_qc
1001200621_B8	beta
1001200621_B9	beta
1001200621_C1	alpha
1001200621_C10	beta
1001200621_C11	fail_qc
1001200621_C12	delta
1001200621_C2	alpha
1001200621_C3	alpha
1001200621_C4	alpha
1001200621_C5	alpha
1001200621_C6	fail_qc
1001200621_C7	alpha
1001200621_C8	beta
1001200621_C9	alpha
1001200621_D1	alpha
1001200621_D10	alpha
1001200621_D11	alpha
1001200621_D12	fail_qc
1001200621_D2	alpha
1001200621_D3	alpha
1001200621_D4	alpha
1001200621_D5	alpha
1001200621_D6	alpha
1001200621_D7	beta
1001200621_D8	alpha
1001200621_D9	beta
1001200621_E1	alpha
1001200621_E10	alpha
1001200621_E11	alpha
1001200621_E12	delta
1001200621_E2	alpha
1001200621_E3	alpha
1001200621_E4	alpha
1001200621_E5	alpha
1001200621_E6	alpha
1001200621_E7	alpha
1001200621_E8	alpha
1001200621_E9	beta
1001200621_F1	alpha
1001200621_F10	alpha
1001200621_F11	alpha
1001200621_F12	alpha
1001200621_F2	alpha
1001200621_F3	alpha
1001200621_F4	alpha
1001200621_F5	alpha
1001200621_F6	alpha
1001200621_F7	alpha
1001200621_F8	beta
1001200621_F9	alpha
1001200621_G1	delta
1001200621_G10	alpha
1001200621_G11	alpha
1001200621_G12	alpha
1001200621_G2	alpha
1001200621_G3	alpha
1001200621_G4	alpha
1001200621_G5	alpha
1001200621_G6	alpha
1001200621_G7	alpha
1001200621_G8	beta
1001200621_G9	alpha
1001200621_H1	alpha
1001200621_H10	fail_qc
1001200621_H11	alpha
1001200621_H2	alpha
1001200621_H3	alpha
1001200621_H4	alpha
1001200621_H5	alpha
1001200621_H6	alpha
1001200621_H7	beta
1001200621_H9	beta
1001200622_A1	alpha
1001200622_A10	alpha
1001200622_A11	alpha
1001200622_A12	alpha
1001200622_A2	alpha
1001200622_A3	alpha
1001200622_A4	alpha
1001200622_A5	alpha
1001200622_A6	acinar
1001200622_A7	alpha
1001200622_A8	alpha
1001200622_A9	alpha
1001200622_B1	fail_qc
1001200622_B10	alpha
1001200622_B11	alpha
1001200622_B12	beta
1001200622_B2	alpha
1001200622_B3	beta
1001200622_B4	beta
1001200622_B5	alpha
1001200622_B6	fail_qc
1001200622_B7	alpha
1001200622_B8	beta
1001200622_B9	alpha
1001200622_C1	fail_qc
1001200622_C10	alpha
1001200622_C11	alpha
1001200622_C12	alpha
1001200622_C2	alpha
1001200622_C3	alpha
1001200622_C4	alpha
1001200622_C5	alpha
1001200622_C6	alpha
1001200622_C7	alpha
1001200622_C8	beta
1001200622_C9	alpha
1001200622_D1	alpha
1001200622_D10	alpha
1001200622_D11	alpha
1001200622_D12	beta
1001200622_D2	alpha
1001200622_D3	alpha
1001200622_D4	beta
1001200622_D5	alpha
1001200622_D6	beta
1001200622_D7	alpha
1001200622_D8	alpha
1001200622_D9	alpha
1001200622_E1	beta
1001200622_E10	alpha
1001200622_E11	beta
1001200622_E12	beta
1001200622_E2	alpha
1001200622_E3	beta
1001200622_E4	alpha
1001200622_E5	alpha
1001200622_E6	alpha
1001200622_E7	alpha
1001200622_E8	beta
1001200622_E9	fail_qc
1001200622_F1	alpha
1001200622_F10	alpha
1001200622_F11	alpha
1001200622_F12	beta
1001200622_F2	alpha
1001200622_F3	fail_qc
1001200622_F4	beta
1001200622_F5	alpha
1001200622_F6	alpha
1001200622_F7	fail_qc
1001200622_F8	alpha
1001200622_F9	alpha
1001200622_G1	alpha
1001200622_G10	alpha
1001200622_G11	beta
1001200622_G12	alpha
1001200622_G2	alpha
1001200622_G3	alpha
1001200622_G4	alpha
1001200622_G5	beta
1001200622_G6	alpha
1001200622_G7	alpha
1001200622_G8	alpha
1001200622_G9	alpha
1001200622_H1	alpha
1001200622_H10	alpha
1001200622_H11	alpha
1001200622_H2	alpha
1001200622_H3	alpha
1001200622_H4	alpha
1001200622_H5	alpha
1001200622_H6	alpha
1001200622_H7	other
1001200622_H8	alpha
1001200622_H9	alpha
1001200623_A1	alpha
1001200623_A2	alpha
1001200623_A3	alpha
1001200623_A4	alpha
1001200623_A5	beta
1001200623_A6	alpha
1001200623_A7	alpha
1001200623_A8	alpha
1001200623_B1	beta
1001200623_B2	alpha
1001200623_B4	alpha
1001200623_B5	alpha
1001200623_B6	delta
1001200623_B7	alpha
1001200623_B8	alpha
1001200623_C1	alpha
1001200623_C2	beta
1001200623_C3	alpha
1001200623_C4	alpha
1001200623_C5	alpha
1001200623_C6	alpha
1001200623_C7	alpha
1001200623_C8	beta
1001200623_D1	alpha
1001200623_D2	alpha
1001200623_D3	fail_qc
1001200623_D4	alpha
1001200623_D5	alpha
1001200623_D6	alpha
1001200623_D7	alpha
1001200623_D8	alpha
1001200623_E1	alpha
1001200623_E2	alpha
1001200623_E3	alpha
1001200623_E4	alpha
1001200623_E5	alpha
1001200623_E6	alpha
1001200623_E7	alpha
1001200623_E8	alpha
1001200623_F1	alpha
1001200623_F2	beta
1001200623_F3	alpha
1001200623_F4	alpha
1001200623_F5	alpha
1001200623_F6	alpha
1001200623_F7	beta
1001200623_F8	alpha
1001200623_G1	alpha
1001200623_G2	alpha
1001200623_G3	alpha
1001200623_G4	alpha
1001200623_G5	alpha
1001200623_G6	alpha
1001200623_G7	alpha
1001200623_G8	beta
1001200623_H2	fail_qc
1001200623_H3	alpha
1001200623_H4	alpha
1001200623_H5	alpha
1001200623_H6	beta
1001200623_H7	beta
1001200624_A1	fail_qc
1001200624_A10	fail_qc
1001200624_A11	fail_qc
1001200624_A12	fail_qc
1001200624_A2	fail_qc
1001200624_A3	fail_qc
1001200624_A4	fail_qc
1001200624_A5	fail_qc
1001200624_A6	fail_qc
1001200624_A7	fail_qc
1001200624_A8	fail_qc
1001200624_A9	fail_qc
1001200624_B1	fail_qc
1001200624_B10	fail_qc
1001200624_B11	fail_qc
1001200624_B12	fail_qc
1001200624_B2	fail_qc
1001200624_B3	fail_qc
1001200624_B4	fail_qc
1001200624_B5	fail_qc
1001200624_B6	fail_qc
1001200624_B7	fail_qc
1001200624_B8	fail_qc
1001200624_B9	fail_qc
1001200624_C1	fail_qc
1001200624_C10	fail_qc
1001200624_C11	fail_qc
1001200624_C12	fail_qc
1001200624_C2	fail_qc
1001200624_C3	fail_qc
1001200624_C4	fail_qc
1001200624_C5	fail_qc
1001200624_C6	fail_qc
1001200624_C7	fail_qc
1001200624_C8	fail_qc
1001200624_C9	fail_qc
1001200624_D1	fail_qc
1001200624_D10	fail_qc
1001200624_D11	fail_qc
1001200624_D12	fail_qc
1001200624_D2	fail_qc
1001200624_D3	fail_qc
1001200624_D4	fail_qc
1001200624_D5	fail_qc
1001200624_D6	fail_qc
1001200624_D7	fail_qc
1001200624_D8	fail_qc
1001200624_D9	fail_qc
1001200624_E1	fail_qc
1001200624_E10	fail_qc
1001200624_E11	fail_qc
1001200624_E12	fail_qc
1001200624_E2	fail_qc
1001200624_E3	fail_qc
1001200624_E4	fail_qc
1001200624_E5	fail_qc
1001200624_E6	fail_qc
1001200624_E7	fail_qc
1001200624_E8	fail_qc
1001200624_E9	fail_qc
1001200624_F1	fail_qc
1001200624_F10	fail_qc
1001200624_F11	fail_qc
1001200624_F12	fail_qc
1001200624_F2	fail_qc
1001200624_F3	fail_qc
1001200624_F4	fail_qc
1001200624_F5	fail_qc
1001200624_F6	fail_qc
1001200624_F7	fail_qc
1001200624_F8	fail_qc
1001200624_F9	fail_qc
1001200624_G1	fail_qc
1001200624_G10	fail_qc
1001200624_G11	fail_qc
1001200624_G12	fail_qc
1001200624_G2	fail_qc
1001200624_G3	fail_qc
1001200624_G4	fail_qc
1001200624_G5	fail_qc
1001200624_G6	fail_qc
1001200624_G7	fail_qc
1001200624_G8	fail_qc
1001200624_G9	fail_qc
1001200624_H1	fail_qc
1001200624_H10	fail_qc
1001200624_H11	fail_qc
1001200624_H2	fail_qc
1001200624_H3	fail_qc
1001200624_H4	fail_qc
1001200624_H5	fail_qc
1001200624_H6	fail_qc
1001200624_H7	fail_qc
1001200624_H8	fail_qc
1001200624_H9	fail_qc
1001200625_A1	fail_qc
1001200625_A10	delta
1001200625_A11	alpha
1001200625_A12	alpha
1001200625_A2	fail_qc
1001200625_A3	ductal
1001200625_A4	fail_qc
1001200625_A5	alpha
1001200625_A6	ductal
1001200625_A7	ductal
1001200625_A8	ductal
1001200625_A9	beta
1001200625_B1	fail_qc
1001200625_B10	fail_qc
1001200625_B11	alpha
1001200625_B12	gamma
1001200625_B2	fail_qc
1001200625_B3	fail_qc
1001200625_B4	alpha
1001200625_B5	alpha
1001200625_B6	ductal
1001200625_B7	ductal
1001200625_B8	beta
1001200625_B9	ductal
1001200625_C1	fail_qc
1001200625_C10	ductal
1001200625_C11	alpha
1001200625_C12	gamma
1001200625_C2	fail_qc
1001200625_C3	fail_qc
1001200625_C4	PSCs
1001200625_C5	alpha
1001200625_C6	gamma
1001200625_C7	beta
1001200625_C8	alpha
1001200625_C9	beta
1001200625_D1	fail_qc
1001200625_D10	fail_qc
1001200625_D11	alpha
1001200625_D12	fail_qc
1001200625_D2	fail_qc
1001200625_D3	PSCs
1001200625_D4	gamma
1001200625_D5	beta
1001200625_D6	alpha
1001200625_D7	fail_qc
1001200625_D8	ductal
1001200625_D9	beta
1001200625_E1	fail_qc
1001200625_E10	fail_qc
1001200625_E11	alpha
1001200625_E12	PSCs
1001200625_E2	fail_qc
1001200625_E3	ductal
1001200625_E4	delta
1001200625_E5	alpha
1001200625_E6	ductal
1001200625_E7	fail_qc
1001200625_E8	fail_qc
1001200625_E9	alpha
1001200625_F1	fail_qc
1001200625_F10	alpha
1001200625_F11	alpha
1001200625_F12	acinar
1001200625_F2	fail_qc
1001200625_F3	alpha
1001200625_F4	alpha
1001200625_F5	alpha
1001200625_F6	fail_qc
1001200625_F7	fail_qc
1001200625_F8	fail_qc
1001200625_F9	alpha
1001200625_G1	fail_qc
1001200625_G10	alpha
1001200625_G11	alpha
1001200625_G12	ductal
1001200625_G2	fail_qc
1001200625_G3	ductal
1001200625_G4	acinar
1001200625_G5	beta
1001200625_G6	ductal
1001200625_G7	acinar
1001200625_G8	ductal
1001200625_G9	alpha
1001200625_H1	fail_qc
1001200625_H10	alpha
1001200625_H11	alpha
1001200625_H12	fail_qc
1001200625_H2	fail_qc
1001200625_H3	gamma
1001200625_H4	fail_qc
1001200625_H5	alpha
1001200625_H7	alpha
1001200625_H8	ductal
1001200625_H9	alpha
1001200626_A1	fail_qc
1001200626_A10	gamma
1001200626_A11	beta
1001200626_A12	beta
1001200626_A2	ductal
1001200626_A3	beta
1001200626_A4	gamma
1001200626_A5	alpha
1001200626_A6	gamma
1001200626_A7	gamma
1001200626_A8	gamma
1001200626_A9	alpha
1001200626_B1	gamma
1001200626_B10	alpha
1001200626_B11	gamma
1001200626_B12	beta
1001200626_B2	gamma
1001200626_B3	fail_qc
1001200626_B4	fail_qc
1001200626_B5	gamma
1001200626_B6	gamma
1001200626_B7	gamma
1001200626_B8	gamma
1001200626_B9	beta
1001200626_C1	gamma
1001200626_C10	fail_qc
1001200626_C11	gamma
1001200626_C12	fail_qc
1001200626_C2	gamma
1001200626_C3	gamma
1001200626_C4	gamma
1001200626_C5	gamma
1001200626_C6	fail_qc
1001200626_C7	alpha
1001200626_C8	gamma
1001200626_C9	alpha
1001200626_D1	gamma
1001200626_D10	alpha
1001200626_D11	gamma
1001200626_D12	beta
1001200626_D2	fail_qc
1001200626_D3	gamma
1001200626_D4	gamma
1001200626_D5	gamma
1001200626_D6	gamma
1001200626_D7	alpha
1001200626_D8	gamma
1001200626_D9	fail_qc
1001200626_E1	gamma
1001200626_E10	gamma
1001200626_E11	delta
1001200626_E12	alpha
1001200626_E2	ductal
1001200626_E3	alpha
1001200626_E4	gamma
1001200626_E5	gamma
1001200626_E6	beta
1001200626_E7	gamma
1001200626_E8	gamma
1001200626_E9	gamma
1001200626_F1	gamma
1001200626_F10	fail_qc
1001200626_F11	gamma
1001200626_F12	alpha
1001200626_F2	gamma
1001200626_F3	alpha
1001200626_F4	gamma
1001200626_F5	alpha
1001200626_F6	gamma
1001200626_F7	acinar
1001200626_F8	alpha
1001200626_F9	gamma
1001200626_G1	gamma
1001200626_G10	gamma
1001200626_G11	alpha
1001200626_G12	fail_qc
1001200626_G2	acinar
1001200626_G3	gamma
1001200626_G4	acinar
1001200626_G5	beta
1001200626_G6	fail_qc
1001200626_G7	beta
1001200626_G8	gamma
1001200626_G9	beta
1001200626_H1	beta
1001200626_H10	acinar
1001200626_H11	gamma
1001200626_H2	gamma
1001200626_H3	gamma
1001200626_H4	beta
1001200626_H5	gamma
1001200626_H7	gamma
1001200626_H8	alpha
1001200626_H9	gamma
1001200627_A1	fail_qc
1001200627_A2	beta
1001200627_A3	fail_qc
1001200627_A4	beta
1001200627_A5	beta
1001200627_A6	beta
1001200627_B1	beta
1001200627_B2	beta
1001200627_B3	alpha
1001200627_B4	alpha
1001200627_B5	fail_qc
1001200627_B6	alpha
1001200627_C1	fail_qc
1001200627_C2	fail_qc
1001200627_C3	beta
1001200627_C4	fail_qc
1001200627_C5	alpha
1001200627_C6	beta
1001200627_D1	beta
1001200627_D2	beta
1001200627_D3	beta
1001200627_D4	fail_qc
1001200627_D5	alpha
1001200627_D6	alpha
1001200627_E1	beta
1001200627_E2	alpha
1001200627_E3	fail_qc
1001200627_E4	beta
1001200627_E5	alpha
1001200627_E6	beta
1001200627_F2	beta
1001200627_F3	beta
1001200627_F4	alpha
1001200627_F5	beta
1001200627_F6	fail_qc
1001200627_G1	beta
1001200627_G2	alpha
1001200627_G3	beta
1001200627_G4	beta
1001200627_G5	fail_qc
1001200627_G6	alpha
1001200627_H1	beta
1001200627_H2	beta
1001200627_H3	beta
1001200627_H4	fail_qc
1001200627_H5	alpha
1001200627_H6	beta
