1001200501_A11	alpha_mt
1001200501_A12	alpha
1001200501_A17	alpha
1001200501_A19	gamma
1001200501_A22	alpha
1001200501_A3	alpha
1001200501_A9	alpha
1001200501_B18	alpha_mt
1001200501_B19	alpha_mt
1001200501_B4	beta
1001200501_B8	beta
1001200501_C1	alpha
1001200501_C11	endocrine
1001200501_C13	alpha_mt
1001200501_C14	alpha
1001200501_C17	alpha
1001200501_C18	beta
1001200501_C2	alpha
1001200501_C7	alpha_mt
1001200501_D1	alpha
1001200501_D11	alpha
1001200501_D15	alpha
1001200501_D18	alpha
1001200501_D2	alpha
1001200501_D22	gamma
1001200501_D9	beta
1001200501_E14	endocrine
1001200501_E18	alpha
1001200501_E5	alpha
1001200501_E8	alpha
1001200501_F1	alpha
1001200501_F13	gamma
1001200501_F14	alpha
1001200501_F15	alpha
1001200501_F16	alpha_mt
1001200501_F19	alpha
1001200501_F22	alpha
1001200501_F8	alpha_mt
1001200501_G1	alpha
1001200501_G10	gamma
1001200501_G11	gamma
1001200501_G12	alpha
1001200501_G13	alpha
1001200501_G15	alpha_mt
1001200501_G2	gamma
1001200501_G3	alpha
1001200501_G4	alpha
1001200501_G5	alpha_mt
1001200501_H13	alpha
1001200501_H16	gamma
1001200501_H19	gamma
1001200501_H3	alpha
1001200501_H8	alpha_mt
1001200501_I14	alpha_mt
1001200501_I3	alpha
1001200501_I6	gamma
1001200501_I8	alpha_mt
1001200501_J1	alpha_mt
1001200501_J10	alpha_mt
1001200501_J17	gamma
1001200501_J2	alpha_mt
1001200501_J21	alpha
1001200501_J8	alpha_mt
1001200501_K11	alpha_mt
1001200501_K15	alpha
1001200501_K19	alpha
1001200501_K20	alpha
1001200501_K21	beta
1001200501_K6	alpha
1001200501_K7	alpha_mt
1001200501_K8	alpha
1001200501_K9	alpha_mt
1001200501_L16	alpha_mt
1001200501_L21	gamma
1001200501_L4	alpha_mt
1001200501_L5	alpha_mt
1001200501_M1	alpha
1001200501_M10	alpha_mt
1001200501_M14	alpha
1001200501_M17	alpha
1001200501_M18	alpha
1001200501_M6	alpha_mt
1001200501_N10	alpha
1001200501_N15	alpha_mt
1001200501_N16	alpha
1001200501_N20	alpha
1001200501_O11	beta
1001200501_O21	alpha
1001200501_O22	alpha
1001200501_O4	beta
1001200501_P21	alpha
1001200501_P22	alpha
1001200501_P5	alpha_mt
1001200501_P7	alpha
1001200501_P9	alpha
1001200502_C2	alpha
1001200502_E1	delta
1001200502_E2	alpha
1001200502_E5	beta
1001200502_F1	alpha
1001200502_F6	beta
1001200502_G3	alpha
1001200502_G8	alpha
1001200502_H10	alpha
1001200502_H5	alpha
1001200502_I3	beta
1001200502_I4	alpha
1001200502_I6	beta
1001200502_J2	alpha
1001200502_J9	alpha
1001200502_L1	beta
1001200502_L12	beta
1001200502_L7	alpha
1001200502_M1	alpha
1001200502_M3	alpha
1001200502_N15	alpha
1001200502_N4	alpha
1001200502_O16	delta
1001200502_P15	beta
1001200502_P4	beta
1001200503_A1	beta
1001200503_A11	endocrine
1001200503_A4	alpha_mt
1001200503_A7	beta
1001200503_B1	alpha
1001200503_B10	beta
1001200503_B11	alpha_mt
1001200503_B12	beta
1001200503_B2	endocrine
1001200503_B3	alpha
1001200503_B4	beta
1001200503_B5	alpha_mt
1001200503_B7	beta
1001200503_B9	beta
1001200503_C1	alpha
1001200503_C10	endocrine
1001200503_C11	beta
1001200503_C12	alpha_mt
1001200503_C2	alpha_mt
1001200503_C3	endocrine
1001200503_C4	beta
1001200503_C6	beta
1001200503_C8	beta
1001200503_C9	alpha
1001200503_D3	endocrine
1001200503_D4	beta
1001200503_D5	alpha
1001200503_E1	alpha
1001200503_E10	beta
1001200503_E11	alpha_mt
1001200503_E3	alpha
1001200503_E4	alpha_mt
1001200503_E6	beta
1001200503_E7	alpha
1001200503_F1	beta
1001200503_F6	endocrine
1001200503_F7	beta
1001200503_F9	beta
1001200503_G1	beta
1001200503_G10	beta
1001200503_G3	beta
1001200503_G5	alpha
1001200503_G6	beta
1001200503_G7	alpha
1001200503_G8	alpha
1001200503_G9	endocrine
1001200503_H1	endocrine
1001200503_H3	alpha
1001200503_H5	beta
1001200503_H6	beta
1001200503_H8	alpha
1001200504_A1	alpha
1001200504_A11	alpha
1001200504_A3	beta
1001200504_A4	alpha_mt
1001200504_A7	alpha
1001200504_A9	gamma
1001200504_B3	alpha
1001200504_B5	alpha
1001200504_B9	gamma
1001200504_C11	alpha
1001200504_C2	alpha
1001200504_C7	endocrine
1001200504_C8	alpha
1001200504_D10	alpha
1001200504_D12	alpha_mt
1001200504_D3	alpha_mt
1001200504_D7	beta
1001200504_E6	alpha_mt
1001200504_E8	alpha
1001200504_F1	alpha
1001200504_F5	alpha
1001200504_F7	alpha
1001200504_G1	alpha
1001200504_G11	alpha
1001200504_G2	alpha
1001200504_G3	alpha
1001200504_G8	alpha
1001200504_H7	alpha_mt
1001200505_A11	beta
1001200505_A4	delta
1001200505_A5	beta
1001200505_A6	beta
1001200505_A8	endocrine
1001200505_A9	alpha
1001200505_B11	delta
1001200505_B12	alpha
1001200505_B2	beta
1001200505_B3	alpha_mt
1001200505_B4	alpha
1001200505_B5	alpha
1001200505_B7	alpha
1001200505_B9	beta
1001200505_C1	beta
1001200505_C10	alpha_mt
1001200505_C11	alpha_mt
1001200505_C12	alpha_mt
1001200505_C2	delta
1001200505_C4	beta
1001200505_C5	alpha_mt
1001200505_D10	beta
1001200505_D2	alpha_mt
1001200505_D5	alpha
1001200505_D6	delta
1001200505_D7	alpha_mt
1001200505_D8	alpha
1001200505_D9	beta
1001200505_E2	endocrine
1001200505_E3	alpha
1001200505_E4	alpha
1001200505_E6	alpha
1001200505_E9	alpha_mt
1001200505_F10	beta
1001200505_F11	beta
1001200505_F3	alpha
1001200505_F4	endocrine
1001200505_F5	alpha
1001200505_F6	beta
1001200505_F9	alpha_mt
1001200505_G2	beta
1001200505_G3	delta
1001200505_G5	alpha_mt
1001200505_G8	alpha
1001200505_G9	beta
1001200505_H2	beta
1001200505_H5	alpha
1001200505_H6	alpha_mt
1001200505_H7	endocrine
1001200505_H8	beta
1001200506_A2	alpha_mt
1001200506_A3	alpha
1001200506_A4	delta
1001200506_A5	alpha_mt
1001200506_A7	delta
1001200506_A8	delta
1001200506_B1	alpha_mt
1001200506_B10	alpha_mt
1001200506_B11	alpha_mt
1001200506_B12	alpha
1001200506_B4	alpha_mt
1001200506_B7	delta
1001200506_B8	alpha
1001200506_C11	endocrine
1001200506_C3	alpha
1001200506_C4	endocrine
1001200506_C8	alpha_mt
1001200506_C9	alpha
1001200506_D10	alpha_mt
1001200506_D2	alpha
1001200506_D5	alpha_mt
1001200506_D7	alpha
1001200506_D8	alpha_mt
1001200506_D9	alpha_mt
1001200506_E1	alpha
1001200506_E10	alpha_mt
1001200506_E11	alpha_mt
1001200506_E2	endocrine
1001200506_E4	alpha
1001200506_E7	alpha_mt
1001200506_F1	alpha
1001200506_F10	endocrine
1001200506_F2	alpha_mt
1001200506_F3	endocrine
1001200506_F4	alpha
1001200506_G4	alpha_mt
1001200506_G5	alpha
1001200506_G6	alpha
1001200506_H1	alpha
1001200506_H2	alpha_mt
1001200506_H3	alpha
1001200506_H4	beta
1001200506_H8	alpha
1001200507_A10	alpha
1001200507_A12	gamma
1001200507_A3	alpha_mt
1001200507_A4	gamma
1001200507_A5	alpha
1001200507_A7	alpha
1001200507_B1	beta
1001200507_B12	alpha_mt
1001200507_B3	alpha_mt
1001200507_B8	beta
1001200507_C10	alpha
1001200507_C12	alpha
1001200507_C5	alpha
1001200507_C7	alpha
1001200507_D1	beta
1001200507_D10	alpha
1001200507_D11	gamma
1001200507_D6	beta
1001200507_E1	beta
1001200507_E10	alpha_mt
1001200507_E4	beta
1001200507_E6	alpha_mt
1001200507_E9	delta
1001200507_F1	beta
1001200507_F11	beta
1001200507_F4	beta
1001200507_F8	alpha
1001200507_G1	beta
1001200507_G10	alpha
1001200507_G7	alpha
1001200507_G9	alpha_mt
1001200507_H1	beta
1001200507_H2	beta
1001200507_H6	alpha
1001200508_A18	alpha
1001200508_A19	alpha
1001200508_A20	alpha
1001200508_A21	alpha_mt
1001200508_B18	alpha
1001200508_B22	alpha
1001200508_C17	alpha
1001200508_D18	alpha
1001200508_D20	alpha
1001200508_E17	alpha
1001200508_E18	alpha
1001200508_E19	alpha
1001200508_E21	alpha
1001200508_E22	alpha
1001200508_F18	alpha
1001200508_F20	alpha
1001200508_F21	alpha
1001200508_G17	alpha
1001200508_G19	alpha
1001200508_G21	alpha
1001200508_G3	alpha_mt
1001200508_H17	alpha
1001200508_H18	alpha
1001200508_H22	alpha
1001200508_I17	alpha
1001200508_I19	alpha
1001200508_I22	alpha
1001200508_I3	alpha_mt
1001200508_J17	alpha
1001200508_J18	alpha
1001200508_J22	alpha
1001200508_J3	alpha_mt
1001200508_K18	alpha
1001200508_K19	alpha
1001200508_L22	alpha
1001200508_M18	alpha
1001200508_M2	alpha_mt
1001200508_M21	alpha
1001200508_N2	alpha_mt
1001200508_N20	alpha
1001200508_O1	alpha_mt
1001200508_O20	alpha
1001200508_O21	alpha
1001200508_P18	alpha
1001200508_P19	alpha
1001200509_A1	endocrine
1001200509_A13	beta
1001200509_A15	beta
1001200509_A16	beta
1001200509_A17	beta
1001200509_A19	beta
1001200509_A20	beta
1001200509_A21	beta
1001200509_A22	beta
1001200509_A4	endocrine
1001200509_A5	endocrine
1001200509_A7	endocrine
1001200509_A8	endocrine
1001200509_A9	endocrine
1001200509_B11	alpha_mt
1001200509_B12	beta
1001200509_B13	beta
1001200509_B14	beta
1001200509_B16	beta
1001200509_B19	endocrine
1001200509_B2	endocrine
1001200509_B20	beta
1001200509_B21	beta
1001200509_B22	beta
1001200509_B4	endocrine
1001200509_B5	endocrine
1001200509_B7	endocrine
1001200509_B8	endocrine
1001200509_B9	endocrine
1001200509_C1	endocrine
1001200509_C10	endocrine
1001200509_C11	alpha_mt
1001200509_C12	beta
1001200509_C14	beta
1001200509_C15	beta
1001200509_C16	beta
1001200509_C17	beta
1001200509_C18	beta
1001200509_C2	endocrine
1001200509_C20	beta
1001200509_C21	beta
1001200509_C3	endocrine
1001200509_C5	endocrine
1001200509_C6	endocrine
1001200509_C7	endocrine
1001200509_D1	alpha_mt
1001200509_D12	beta
1001200509_D13	beta
1001200509_D14	beta
1001200509_D15	beta
1001200509_D16	beta
1001200509_D17	beta
1001200509_D19	beta
1001200509_D20	beta
1001200509_D22	beta
1001200509_D4	endocrine
1001200509_D6	endocrine
1001200509_D7	beta
1001200509_D9	endocrine
1001200509_E11	endocrine
1001200509_E14	alpha
1001200509_E16	beta
1001200509_E17	beta
1001200509_E18	endocrine
1001200509_E19	beta
1001200509_E2	beta
1001200509_E22	beta
1001200509_E5	endocrine
1001200509_E6	beta
1001200509_E7	endocrine
1001200509_F1	endocrine
1001200509_F10	delta
1001200509_F12	beta
1001200509_F13	beta
1001200509_F14	beta
1001200509_F16	beta
1001200509_F17	beta
1001200509_F18	beta
1001200509_F19	beta
1001200509_F2	endocrine
1001200509_F20	beta
1001200509_F21	beta
1001200509_F22	beta
1001200509_F3	endocrine
1001200509_F5	endocrine
1001200509_F7	alpha_mt
1001200509_F8	endocrine
1001200509_G11	endocrine
1001200509_G12	beta
1001200509_G13	beta
1001200509_G14	beta
1001200509_G16	beta
1001200509_G17	beta
1001200509_G18	beta
1001200509_G19	beta
1001200509_G20	beta
1001200509_G21	beta
1001200509_G22	beta
1001200509_G3	beta
1001200509_G4	endocrine
1001200509_G5	endocrine
1001200509_G6	endocrine
1001200509_G8	alpha_mt
1001200509_G9	endocrine
1001200509_H13	beta
1001200509_H14	alpha
1001200509_H17	beta
1001200509_H18	beta
1001200509_H2	endocrine
1001200509_H20	beta
1001200509_H22	beta
1001200509_H3	endocrine
1001200509_H4	alpha
1001200509_H7	endocrine
1001200509_H8	delta
1001200509_H9	endocrine
1001200509_I12	beta
1001200509_I14	beta
1001200509_I17	beta
1001200509_I18	beta
1001200509_I19	beta
1001200509_I2	beta
1001200509_I20	beta
1001200509_I21	beta
1001200509_I5	beta
1001200509_I8	endocrine
1001200509_J1	endocrine
1001200509_J11	endocrine
1001200509_J13	alpha
1001200509_J14	beta
1001200509_J15	beta
1001200509_J18	beta
1001200509_J2	endocrine
1001200509_J20	beta
1001200509_J8	alpha_mt
1001200509_K1	beta
1001200509_K11	beta
1001200509_K12	alpha
1001200509_K13	beta
1001200509_K14	beta
1001200509_K15	beta
1001200509_K16	beta
1001200509_K17	beta
1001200509_K18	beta
1001200509_K19	beta
1001200509_K20	beta
1001200509_K21	beta
1001200509_K22	beta
1001200509_K4	endocrine
1001200509_K8	endocrine
1001200509_K9	alpha_mt
1001200509_L10	gamma
1001200509_L11	endocrine
1001200509_L12	beta
1001200509_L13	beta
1001200509_L15	beta
1001200509_L16	beta
1001200509_L17	beta
1001200509_L18	delta
1001200509_L21	beta
1001200509_L22	beta
1001200509_L3	endocrine
1001200509_L4	endocrine
1001200509_L5	alpha
1001200509_L6	endocrine
1001200509_M1	endocrine
1001200509_M10	beta
1001200509_M14	beta
1001200509_M18	beta
1001200509_M19	beta
1001200509_M20	beta
1001200509_M21	beta
1001200509_M22	beta
1001200509_M4	endocrine
1001200509_M5	endocrine
1001200509_M9	endocrine
1001200509_N1	beta
1001200509_N10	endocrine
1001200509_N11	beta
1001200509_N12	beta
1001200509_N13	beta
1001200509_N14	beta
1001200509_N15	endocrine
1001200509_N16	beta
1001200509_N17	endocrine
1001200509_N19	beta
1001200509_N20	beta
1001200509_N22	beta
1001200509_N3	endocrine
1001200509_O1	beta
1001200509_O12	beta
1001200509_O13	beta
1001200509_O14	beta
1001200509_O15	beta
1001200509_O16	beta
1001200509_O17	beta
1001200509_O18	beta
1001200509_O22	alpha
1001200509_O3	endocrine
1001200509_O4	endocrine
1001200509_O5	endocrine
1001200509_O6	endocrine
1001200509_O9	endocrine
1001200509_P10	endocrine
1001200509_P11	alpha_mt
1001200509_P13	beta
1001200509_P14	beta
1001200509_P15	beta
1001200509_P16	endocrine
1001200509_P17	beta
1001200509_P19	beta
1001200509_P20	beta
1001200509_P22	beta
1001200509_P4	alpha_mt
1001200510_A22	beta
1001200510_B14	alpha
1001200510_B17	alpha
1001200510_C10	beta
1001200510_C14	alpha
1001200510_C15	alpha
1001200510_D15	alpha
1001200510_D18	alpha
1001200510_D21	alpha
1001200510_E11	alpha
1001200510_E13	alpha
1001200510_E15	alpha
1001200510_E18	gamma
1001200510_F14	alpha
1001200510_F15	alpha
1001200510_F20	beta
1001200510_G10	beta
1001200510_G19	alpha
1001200510_H11	alpha
1001200510_H12	beta
1001200510_I14	alpha
1001200510_I22	alpha
1001200510_J12	alpha
1001200510_J19	alpha
1001200510_K11	alpha
1001200510_K12	alpha
1001200510_K13	beta
1001200510_K21	alpha
1001200510_K22	alpha
1001200510_L11	alpha
1001200510_L15	alpha
1001200510_L18	alpha
1001200510_L20	alpha
1001200510_M12	alpha
1001200510_M13	alpha
1001200510_M9	alpha_mt
1001200510_N15	alpha
1001200510_N17	alpha
1001200510_N22	alpha
1001200510_O16	alpha
1001200510_O17	alpha
1001200510_O21	alpha
1001200510_O22	alpha
1001200510_P10	alpha
1001200510_P11	alpha
1001200510_P13	alpha
1001200510_P16	beta
1001200510_P18	alpha
1001200510_P19	alpha
1001200511_A1	alpha
1001200511_A11	alpha
1001200511_A12	alpha
1001200511_A15	beta
1001200511_A16	alpha
1001200511_A19	alpha_mt
1001200511_A2	alpha
1001200511_A5	alpha
1001200511_A8	beta
1001200511_A9	alpha
1001200511_B11	alpha
1001200511_B12	alpha
1001200511_B13	alpha
1001200511_B14	alpha
1001200511_B16	alpha
1001200511_B3	alpha
1001200511_B4	alpha
1001200511_B5	alpha
1001200511_B7	beta
1001200511_B8	alpha
1001200511_C10	alpha
1001200511_C11	alpha
1001200511_C13	endocrine
1001200511_C14	alpha
1001200511_C15	alpha
1001200511_C16	alpha
1001200511_C3	alpha
1001200511_C4	alpha
1001200511_C7	beta
1001200511_C8	beta
1001200511_D11	beta
1001200511_D12	alpha
1001200511_D13	alpha
1001200511_D14	beta
1001200511_D15	alpha
1001200511_D16	alpha_mt
1001200511_D2	alpha
1001200511_D3	alpha
1001200511_D4	alpha
1001200511_D5	alpha
1001200511_D7	alpha
1001200511_D9	beta
1001200511_E1	alpha
1001200511_E10	alpha
1001200511_E11	alpha
1001200511_E13	alpha
1001200511_E14	alpha
1001200511_E15	beta
1001200511_E19	alpha_mt
1001200511_E2	alpha
1001200511_E9	alpha
1001200511_F1	beta
1001200511_F10	alpha
1001200511_F13	beta
1001200511_F14	gamma
1001200511_F15	alpha
1001200511_F18	alpha_mt
1001200511_F2	beta
1001200511_F4	alpha
1001200511_F5	alpha
1001200511_F7	alpha
1001200511_F8	alpha
1001200511_G10	alpha
1001200511_G11	alpha
1001200511_G12	alpha
1001200511_G13	alpha
1001200511_G14	alpha
1001200511_G16	alpha
1001200511_G2	beta
1001200511_G3	alpha
1001200511_G6	alpha
1001200511_G7	alpha
1001200511_G8	alpha
1001200511_H1	beta
1001200511_H10	beta
1001200511_H11	alpha
1001200511_H13	alpha
1001200511_H14	alpha
1001200511_H15	alpha
1001200511_H5	alpha
1001200511_H6	alpha
1001200511_H7	alpha
1001200511_H8	beta
1001200511_H9	alpha
1001200511_I10	alpha
1001200511_I11	alpha
1001200511_I12	alpha
1001200511_I14	alpha
1001200511_I16	alpha
1001200511_I2	alpha
1001200511_I3	alpha
1001200511_I4	alpha
1001200511_I5	beta
1001200511_I6	beta
1001200511_I7	alpha
1001200511_J10	alpha
1001200511_J11	gamma
1001200511_J12	alpha
1001200511_J13	gamma
1001200511_J14	alpha
1001200511_J15	alpha
1001200511_J16	beta
1001200511_J2	beta
1001200511_J3	alpha
1001200511_J4	alpha
1001200511_J5	beta
1001200511_J6	alpha
1001200511_J8	alpha
1001200511_J9	beta
1001200511_K1	alpha
1001200511_K11	beta
1001200511_K12	alpha
1001200511_K13	beta
1001200511_K16	alpha
1001200511_K2	beta
1001200511_K3	alpha
1001200511_K6	alpha
1001200511_K7	alpha
1001200511_K8	alpha
1001200511_K9	alpha
1001200511_L11	alpha
1001200511_L12	alpha
1001200511_L13	alpha
1001200511_L14	alpha
1001200511_L2	alpha
1001200511_L3	alpha
1001200511_L6	alpha
1001200511_L7	alpha
1001200511_L8	alpha
1001200511_M1	beta
1001200511_M12	alpha
1001200511_M13	alpha
1001200511_M15	alpha
1001200511_M16	alpha
1001200511_M4	alpha
1001200511_M7	alpha
1001200511_M8	alpha
1001200511_N1	gamma
1001200511_N10	alpha
1001200511_N11	beta
1001200511_N12	beta
1001200511_N13	alpha
1001200511_N14	alpha
1001200511_N15	alpha
1001200511_N16	alpha
1001200511_N2	alpha
1001200511_N5	beta
1001200511_N7	alpha
1001200511_N8	beta
1001200511_O12	alpha
1001200511_O13	alpha
1001200511_O2	alpha
1001200511_O4	alpha
1001200511_O5	alpha
1001200511_O6	alpha
1001200511_O8	alpha
1001200511_P10	beta
1001200511_P12	alpha
1001200511_P13	alpha
1001200511_P14	beta
1001200511_P2	alpha
1001200511_P3	alpha_mt
1001200511_P9	alpha
1001200514_A1	beta
1001200514_A2	beta
1001200514_A3	beta
1001200514_A4	alpha
1001200514_A5	alpha
1001200514_A6	delta
1001200514_A7	beta
1001200514_A8	alpha
1001200514_A9	beta
1001200514_B1	alpha
1001200514_B10	alpha
1001200514_B12	alpha
1001200514_B13	alpha
1001200514_B14	alpha
1001200514_B15	alpha
1001200514_B16	alpha
1001200514_B17	alpha
1001200514_B18	alpha
1001200514_B2	alpha
1001200514_B20	alpha
1001200514_B3	alpha
1001200514_B4	alpha
1001200514_B6	alpha
1001200514_B7	endocrine
1001200514_B8	beta
1001200514_B9	alpha
1001200514_C1	alpha
1001200514_C10	alpha
1001200514_C11	alpha
1001200514_C12	alpha
1001200514_C14	alpha
1001200514_C15	alpha
1001200514_C16	alpha
1001200514_C17	alpha
1001200514_C18	alpha
1001200514_C19	beta
1001200514_C2	alpha
1001200514_C20	endocrine
1001200514_C3	endocrine
1001200514_C4	alpha
1001200514_C5	beta
1001200514_C6	beta
1001200514_C7	beta
1001200514_C8	beta
1001200514_C9	alpha
1001200514_D1	alpha
1001200514_D10	alpha
1001200514_D11	alpha
1001200514_D13	alpha
1001200514_D14	alpha
1001200514_D15	alpha
1001200514_D16	alpha
1001200514_D17	alpha
1001200514_D18	alpha
1001200514_D19	beta
1001200514_D2	beta
1001200514_D20	alpha
1001200514_D3	alpha
1001200514_D5	alpha
1001200514_D6	alpha
1001200514_D7	alpha
1001200514_D8	beta
1001200514_D9	gamma
1001200514_E1	alpha
1001200514_E10	alpha
1001200514_E11	alpha
1001200514_E13	alpha
1001200514_E14	alpha
1001200514_E15	alpha
1001200514_E16	alpha
1001200514_E17	alpha
1001200514_E19	endocrine
1001200514_E2	alpha
1001200514_E20	endocrine
1001200514_E3	alpha
1001200514_E4	alpha
1001200514_E5	beta
1001200514_E6	alpha
1001200514_E7	beta
1001200514_E8	alpha
1001200514_E9	alpha
1001200514_F1	alpha
1001200514_F11	alpha
1001200514_F12	alpha
1001200514_F14	alpha
1001200514_F15	alpha
1001200514_F17	alpha
1001200514_F18	alpha
1001200514_F19	beta
1001200514_F2	alpha
1001200514_F20	alpha
1001200514_F3	alpha
1001200514_F4	endocrine
1001200514_F5	alpha
1001200514_F6	alpha
1001200514_F8	alpha
1001200514_F9	alpha
1001200514_G1	beta
1001200514_G11	alpha
1001200514_G12	alpha
1001200514_G14	alpha
1001200514_G15	alpha
1001200514_G18	alpha
1001200514_G19	alpha_mt
1001200514_G2	alpha
1001200514_G20	alpha_mt
1001200514_G3	beta
1001200514_G4	beta
1001200514_G5	alpha
1001200514_G6	alpha
1001200514_G7	alpha_mt
1001200514_G8	alpha
1001200514_G9	alpha
1001200514_H1	alpha
1001200514_H10	alpha
1001200514_H11	alpha
1001200514_H12	alpha
1001200514_H13	alpha
1001200514_H14	alpha
1001200514_H16	alpha
1001200514_H17	alpha
1001200514_H18	alpha
1001200514_H2	alpha
1001200514_H3	alpha
1001200514_H4	beta
1001200514_H5	alpha
1001200514_H6	alpha
1001200514_H8	beta
1001200514_H9	alpha
1001200514_I1	alpha
1001200514_I10	alpha
1001200514_I11	alpha
1001200514_I12	alpha
1001200514_I14	alpha
1001200514_I15	alpha
1001200514_I16	alpha
1001200514_I18	alpha
1001200514_I19	endocrine
1001200514_I2	alpha
1001200514_I20	endocrine
1001200514_I3	endocrine
1001200514_I5	alpha
1001200514_I6	alpha
1001200514_I7	alpha
1001200514_I8	alpha
1001200514_I9	alpha
1001200514_J1	alpha
1001200514_J10	alpha
1001200514_J11	alpha
1001200514_J12	alpha
1001200514_J14	alpha
1001200514_J15	alpha
1001200514_J16	alpha
1001200514_J18	alpha
1001200514_J2	alpha
1001200514_J20	alpha
1001200514_J3	alpha
1001200514_J4	alpha
1001200514_J5	alpha
1001200514_J6	alpha
1001200514_J7	alpha
1001200514_J8	alpha
1001200514_J9	alpha
1001200514_K1	beta
1001200514_K11	alpha
1001200514_K12	alpha
1001200514_K13	alpha
1001200514_K14	alpha
1001200514_K15	alpha
1001200514_K16	alpha
1001200514_K17	alpha
1001200514_K18	alpha
1001200514_K19	delta
1001200514_K2	beta
1001200514_K3	alpha
1001200514_K4	endocrine
1001200514_K5	alpha
1001200514_K6	alpha
1001200514_K7	alpha
1001200514_K8	alpha_mt
1001200514_L1	alpha
1001200514_L10	alpha
1001200514_L12	alpha
1001200514_L13	alpha
1001200514_L14	alpha
1001200514_L15	alpha
1001200514_L16	alpha
1001200514_L18	alpha
1001200514_L2	alpha
1001200514_L20	alpha
1001200514_L4	alpha
1001200514_L5	alpha
1001200514_L6	alpha
1001200514_L7	alpha
1001200514_L8	alpha
1001200514_L9	alpha
1001200514_M10	gamma
1001200514_M11	alpha
1001200514_M12	alpha
1001200514_M13	alpha
1001200514_M15	alpha
1001200514_M16	alpha
1001200514_M17	alpha
1001200514_M18	alpha
1001200514_M19	beta
1001200514_M2	alpha
1001200514_M20	alpha
1001200514_M3	alpha
1001200514_M4	alpha
1001200514_M5	beta
1001200514_M6	alpha
1001200514_M7	alpha
1001200514_M8	alpha
1001200514_M9	alpha
1001200514_N1	alpha
1001200514_N10	alpha
1001200514_N11	alpha
1001200514_N12	alpha
1001200514_N13	alpha
1001200514_N14	alpha
1001200514_N15	alpha
1001200514_N16	alpha
1001200514_N17	alpha
1001200514_N19	delta
1001200514_N2	alpha
1001200514_N20	endocrine
1001200514_N3	alpha
1001200514_N4	alpha
1001200514_N5	alpha
1001200514_N6	alpha
1001200514_N7	beta
1001200514_N8	alpha
1001200514_N9	alpha
1001200514_O1	beta
1001200514_O11	alpha
1001200514_O12	alpha
1001200514_O13	alpha
1001200514_O14	alpha
1001200514_O15	alpha
1001200514_O16	alpha
1001200514_O17	alpha
1001200514_O19	endocrine
1001200514_O2	beta
1001200514_O20	alpha
1001200514_O3	beta
1001200514_O5	alpha
1001200514_O6	alpha
1001200514_O7	alpha
1001200514_O8	alpha
1001200514_O9	alpha
1001200514_P1	alpha
1001200514_P10	alpha
1001200514_P11	alpha
1001200514_P12	alpha
1001200514_P13	alpha
1001200514_P14	alpha
1001200514_P15	alpha
1001200514_P17	alpha
1001200514_P18	alpha
1001200514_P2	alpha
1001200514_P20	alpha
1001200514_P3	alpha
1001200514_P4	alpha
1001200514_P5	alpha
1001200514_P6	alpha
1001200514_P7	alpha
1001200514_P8	alpha
1001200514_P9	alpha
1001200515_A1	alpha_mt
1001200515_A10	endocrine
1001200515_A12	alpha
1001200515_A13	alpha
1001200515_A14	alpha
1001200515_A15	alpha
1001200515_A16	alpha
1001200515_A17	alpha
1001200515_A19	alpha
1001200515_A20	alpha
1001200515_A4	alpha_mt
1001200515_A5	gamma
1001200515_A7	delta
1001200515_A8	alpha_mt
1001200515_B10	endocrine
1001200515_B12	alpha_mt
1001200515_B13	beta
1001200515_B14	alpha
1001200515_B16	beta
1001200515_B17	alpha
1001200515_B18	endocrine
1001200515_B19	alpha
1001200515_B20	alpha
1001200515_B4	alpha_mt
1001200515_B8	alpha_mt
1001200515_C1	alpha_mt
1001200515_C10	alpha
1001200515_C11	alpha_mt
1001200515_C12	endocrine
1001200515_C14	beta
1001200515_C15	beta
1001200515_C16	alpha
1001200515_C19	alpha
1001200515_C20	alpha
1001200515_C3	alpha_mt
1001200515_C4	endocrine
1001200515_C5	endocrine
1001200515_C7	alpha_mt
1001200515_C9	alpha_mt
1001200515_D1	alpha_mt
1001200515_D10	alpha_mt
1001200515_D12	alpha
1001200515_D13	beta
1001200515_D17	alpha
1001200515_D19	alpha
1001200515_D20	alpha
1001200515_D3	alpha_mt
1001200515_D4	alpha_mt
1001200515_D5	alpha_mt
1001200515_D7	alpha_mt
1001200515_D8	gamma
1001200515_E1	alpha_mt
1001200515_E10	endocrine
1001200515_E14	alpha
1001200515_E16	beta
1001200515_E17	alpha
1001200515_E18	alpha
1001200515_E19	alpha
1001200515_E20	alpha
1001200515_E3	alpha_mt
1001200515_E4	alpha_mt
1001200515_E8	endocrine
1001200515_E9	alpha_mt
1001200515_F1	alpha_mt
1001200515_F10	beta
1001200515_F12	endocrine
1001200515_F13	alpha
1001200515_F14	alpha_mt
1001200515_F15	beta
1001200515_F16	beta
1001200515_F18	alpha
1001200515_F19	alpha
1001200515_F2	alpha_mt
1001200515_F20	alpha
1001200515_F3	alpha_mt
1001200515_F4	alpha_mt
1001200515_F5	endocrine
1001200515_F6	alpha_mt
1001200515_F8	gamma
1001200515_F9	alpha_mt
1001200515_G1	delta
1001200515_G13	alpha
1001200515_G14	beta
1001200515_G15	gamma
1001200515_G16	beta
1001200515_G17	alpha
1001200515_G18	alpha
1001200515_G19	alpha
1001200515_G2	alpha_mt
1001200515_G3	alpha_mt
1001200515_G7	alpha
1001200515_G9	alpha_mt
1001200515_H11	alpha_mt
1001200515_H12	endocrine
1001200515_H13	beta
1001200515_H14	alpha
1001200515_H15	alpha
1001200515_H17	alpha
1001200515_H19	gamma
1001200515_H2	alpha_mt
1001200515_H20	alpha
1001200515_H3	alpha_mt
1001200515_H5	alpha_mt
1001200515_H6	alpha_mt
1001200515_H7	endocrine
1001200515_H8	alpha_mt
1001200515_H9	endocrine
1001200515_I1	alpha_mt
1001200515_I11	alpha_mt
1001200515_I12	endocrine
1001200515_I13	beta
1001200515_I15	alpha
1001200515_I16	alpha
1001200515_I17	alpha
1001200515_I19	alpha
1001200515_I2	endocrine
1001200515_I5	alpha_mt
1001200515_I7	delta
1001200515_I8	alpha
1001200515_I9	endocrine
1001200515_J1	alpha_mt
1001200515_J10	beta
1001200515_J11	alpha_mt
1001200515_J14	beta
1001200515_J16	alpha
1001200515_J17	alpha
1001200515_J20	alpha
1001200515_J21	delta
1001200515_J5	alpha_mt
1001200515_J6	alpha_mt
1001200515_J7	endocrine
1001200515_J9	alpha_mt
1001200515_K10	alpha_mt
1001200515_K11	alpha_mt
1001200515_K12	endocrine
1001200515_K13	alpha
1001200515_K14	alpha
1001200515_K15	beta
1001200515_K18	alpha
1001200515_K19	gamma
1001200515_K2	endocrine
1001200515_K3	alpha_mt
1001200515_K4	alpha_mt
1001200515_K7	alpha_mt
1001200515_K8	endocrine
1001200515_K9	gamma
1001200515_L10	endocrine
1001200515_L12	endocrine
1001200515_L13	beta
1001200515_L15	beta
1001200515_L16	beta
1001200515_L17	alpha
1001200515_L19	alpha
1001200515_L20	alpha
1001200515_L7	alpha_mt
1001200515_L8	gamma
1001200515_L9	alpha_mt
1001200515_M10	alpha_mt
1001200515_M11	alpha_mt
1001200515_M12	alpha_mt
1001200515_M14	alpha
1001200515_M15	gamma
1001200515_M16	beta
1001200515_M18	alpha
1001200515_M19	alpha
1001200515_M2	alpha_mt
1001200515_M20	alpha
1001200515_M4	alpha_mt
1001200515_M5	alpha_mt
1001200515_M7	alpha_mt
1001200515_M9	endocrine
1001200515_N1	alpha_mt
1001200515_N12	endocrine
1001200515_N13	beta
1001200515_N14	alpha
1001200515_N16	alpha
1001200515_N17	alpha
1001200515_N18	alpha
1001200515_N2	alpha_mt
1001200515_N20	alpha
1001200515_N4	alpha
1001200515_N5	alpha_mt
1001200515_N6	alpha_mt
1001200515_N9	alpha_mt
1001200515_O1	alpha_mt
1001200515_O10	endocrine
1001200515_O11	endocrine
1001200515_O12	endocrine
1001200515_O13	beta
1001200515_O14	beta
1001200515_O17	alpha
1001200515_O19	alpha
1001200515_O20	alpha
1001200515_O3	alpha_mt
1001200515_O4	alpha_mt
1001200515_O5	alpha_mt
1001200515_O7	delta
1001200515_O8	alpha
1001200515_O9	endocrine
1001200515_P1	alpha_mt
1001200515_P10	endocrine
1001200515_P11	alpha_mt
1001200515_P13	beta
1001200515_P14	beta
1001200515_P15	alpha
1001200515_P16	beta
1001200515_P17	alpha
1001200515_P19	gamma
1001200515_P20	alpha
1001200515_P4	alpha_mt
1001200515_P8	alpha_mt
1001200515_P9	beta
1001200516_A1	endocrine
1001200516_A10	alpha
1001200516_A11	delta
1001200516_A12	endocrine
1001200516_A14	endocrine
1001200516_A15	beta
1001200516_A18	alpha_mt
1001200516_A19	endocrine
1001200516_A2	alpha
1001200516_A20	alpha
1001200516_A21	endocrine
1001200516_A22	endocrine
1001200516_A3	alpha
1001200516_A6	endocrine
1001200516_B13	endocrine
1001200516_B15	alpha
1001200516_B18	beta
1001200516_B21	endocrine
1001200516_B4	alpha
1001200516_B5	endocrine
1001200516_B7	beta
1001200516_B8	alpha_mt
1001200516_B9	endocrine
1001200516_C10	alpha
1001200516_C12	alpha_mt
1001200516_C17	endocrine
1001200516_C18	alpha_mt
1001200516_C2	alpha
1001200516_C20	alpha_mt
1001200516_C3	alpha
1001200516_C4	alpha
1001200516_C7	alpha
1001200516_C8	alpha
1001200516_D1	alpha
1001200516_D10	alpha
1001200516_D11	endocrine
1001200516_D14	beta
1001200516_D15	beta
1001200516_D16	beta
1001200516_D18	alpha
1001200516_D19	endocrine
1001200516_D2	beta
1001200516_D21	beta
1001200516_D3	alpha
1001200516_D4	alpha
1001200516_D5	beta
1001200516_D6	endocrine
1001200516_D7	alpha
1001200516_E1	delta
1001200516_E10	alpha_mt
1001200516_E13	beta
1001200516_E14	endocrine
1001200516_E17	beta
1001200516_E2	beta
1001200516_E21	beta
1001200516_E22	alpha_mt
1001200516_E3	alpha
1001200516_E4	alpha
1001200516_E6	endocrine
1001200516_E7	alpha
1001200516_E8	alpha
1001200516_E9	gamma
1001200516_F1	alpha
1001200516_F10	alpha_mt
1001200516_F11	alpha
1001200516_F12	alpha_mt
1001200516_F13	endocrine
1001200516_F14	endocrine
1001200516_F16	alpha_mt
1001200516_F17	alpha
1001200516_F19	delta
1001200516_F21	alpha_mt
1001200516_F22	alpha_mt
1001200516_F3	beta
1001200516_F4	alpha
1001200516_G1	endocrine
1001200516_G11	delta
1001200516_G12	alpha
1001200516_G13	alpha
1001200516_G16	alpha
1001200516_G17	alpha
1001200516_G2	alpha
1001200516_G20	endocrine
1001200516_G21	beta
1001200516_G22	alpha_mt
1001200516_G3	alpha
1001200516_G8	alpha_mt
1001200516_G9	beta
1001200516_H1	beta
1001200516_H10	beta
1001200516_H12	endocrine
1001200516_H13	alpha_mt
1001200516_H14	endocrine
1001200516_H15	alpha_mt
1001200516_H17	alpha_mt
1001200516_H18	endocrine
1001200516_H19	beta
1001200516_H2	beta
1001200516_H20	beta
1001200516_H22	alpha
1001200516_H3	alpha
1001200516_H4	alpha
1001200516_H6	gamma
1001200516_H7	alpha
1001200516_H8	beta
1001200516_H9	beta
1001200516_I10	alpha_mt
1001200516_I11	alpha
1001200516_I12	alpha
1001200516_I18	delta
1001200516_I19	beta
1001200516_I2	alpha
1001200516_I20	endocrine
1001200516_I21	endocrine
1001200516_I22	alpha_mt
1001200516_I3	beta
1001200516_I4	alpha
1001200516_I5	endocrine
1001200516_I6	delta
1001200516_I8	beta
1001200516_J1	alpha
1001200516_J11	beta
1001200516_J12	endocrine
1001200516_J13	beta
1001200516_J14	alpha
1001200516_J15	endocrine
1001200516_J16	beta
1001200516_J17	alpha_mt
1001200516_J18	alpha
1001200516_J19	alpha_mt
1001200516_J22	endocrine
1001200516_J3	alpha
1001200516_J4	alpha
1001200516_J5	alpha_mt
1001200516_J6	alpha
1001200516_J8	endocrine
1001200516_J9	endocrine
1001200516_K1	endocrine
1001200516_K10	endocrine
1001200516_K11	endocrine
1001200516_K12	beta
1001200516_K13	alpha
1001200516_K14	alpha_mt
1001200516_K16	alpha_mt
1001200516_K17	endocrine
1001200516_K18	endocrine
1001200516_K19	alpha_mt
1001200516_K2	beta
1001200516_K3	alpha
1001200516_K4	alpha
1001200516_K5	alpha_mt
1001200516_K6	endocrine
1001200516_K7	beta
1001200516_K8	alpha_mt
1001200516_K9	alpha_mt
1001200516_L1	beta
1001200516_L11	endocrine
1001200516_L12	beta
1001200516_L17	beta
1001200516_L18	endocrine
1001200516_L19	alpha_mt
1001200516_L20	alpha_mt
1001200516_L22	alpha_mt
1001200516_L3	alpha
1001200516_L4	alpha
1001200516_L6	endocrine
1001200516_L7	alpha
1001200516_L9	alpha_mt
1001200516_M1	alpha
1001200516_M13	alpha
1001200516_M14	alpha
1001200516_M15	alpha
1001200516_M18	alpha
1001200516_M2	beta
1001200516_M20	alpha_mt
1001200516_M21	alpha_mt
1001200516_M22	alpha
1001200516_M3	alpha
1001200516_M4	alpha
1001200516_M6	endocrine
1001200516_M7	alpha_mt
1001200516_N1	endocrine
1001200516_N10	alpha_mt
1001200516_N11	alpha_mt
1001200516_N12	alpha_mt
1001200516_N14	alpha_mt
1001200516_N15	beta
1001200516_N16	beta
1001200516_N17	alpha_mt
1001200516_N18	alpha_mt
1001200516_N19	endocrine
1001200516_N21	endocrine
1001200516_N22	alpha
1001200516_N3	alpha
1001200516_N4	alpha
1001200516_N5	endocrine
1001200516_N7	endocrine
1001200516_N8	alpha_mt
1001200516_O1	beta
1001200516_O10	alpha_mt
1001200516_O11	gamma
1001200516_O14	endocrine
1001200516_O17	beta
1001200516_O18	endocrine
1001200516_O2	beta
1001200516_O21	alpha
1001200516_O3	alpha
1001200516_O8	endocrine
1001200516_O9	alpha
1001200516_P1	beta
1001200516_P10	beta
1001200516_P12	beta
1001200516_P13	alpha_mt
1001200516_P14	delta
1001200516_P16	beta
1001200516_P20	beta
1001200516_P21	endocrine
1001200516_P22	alpha_mt
1001200516_P7	alpha
1001200516_P8	alpha
1001200516_P9	alpha_mt
1001200517_A13	beta
1001200517_A15	beta
1001200517_A17	alpha
1001200517_A19	alpha
1001200517_A20	alpha
1001200517_A7	beta
1001200517_A8	endocrine
1001200517_B11	beta
1001200517_B14	beta
1001200517_B18	beta
1001200517_B19	alpha
1001200517_B20	alpha
1001200517_B5	endocrine
1001200517_C1	alpha
1001200517_C10	endocrine
1001200517_C11	beta
1001200517_C13	beta
1001200517_C14	beta
1001200517_C15	beta
1001200517_C17	alpha
1001200517_C20	beta
1001200517_C5	alpha
1001200517_C7	beta
1001200517_C9	beta
1001200517_D13	beta
1001200517_D14	beta
1001200517_D15	beta
1001200517_D16	alpha
1001200517_D17	beta
1001200517_D18	alpha
1001200517_D19	gamma
1001200517_D20	delta
1001200517_D8	endocrine
1001200517_E12	beta
1001200517_E13	beta
1001200517_E15	beta
1001200517_E16	alpha
1001200517_E19	alpha
1001200517_E20	gamma
1001200517_E3	alpha_mt
1001200517_E7	alpha_mt
1001200517_E8	beta
1001200517_F12	endocrine
1001200517_F13	beta
1001200517_F15	beta
1001200517_F16	alpha
1001200517_F17	alpha
1001200517_F19	alpha
1001200517_F20	alpha
1001200517_F9	beta
1001200517_G10	beta
1001200517_G13	beta
1001200517_G14	alpha
1001200517_G15	beta
1001200517_G16	alpha
1001200517_G17	alpha
1001200517_G19	alpha
1001200517_G20	alpha
1001200517_G4	alpha
1001200517_G8	beta
1001200517_H10	endocrine
1001200517_H14	beta
1001200517_H15	beta
1001200517_H17	alpha
1001200517_H18	alpha
1001200517_H19	alpha
1001200517_H20	alpha
1001200517_H8	alpha
1001200517_I1	alpha
1001200517_I12	beta
1001200517_I13	beta
1001200517_I15	beta
1001200517_I19	alpha
1001200517_I20	alpha
1001200517_I7	endocrine
1001200517_I9	beta
1001200517_J13	beta
1001200517_J14	endocrine
1001200517_J17	alpha
1001200517_J19	alpha
1001200517_J2	alpha_mt
1001200517_J20	beta
1001200517_J7	beta
1001200517_J8	beta
1001200517_J9	endocrine
1001200517_K11	beta
1001200517_K12	beta
1001200517_K13	beta
1001200517_K14	beta
1001200517_K15	beta
1001200517_K19	alpha
1001200517_K20	gamma
1001200517_K21	endocrine
1001200517_K8	endocrine
1001200517_L13	beta
1001200517_L14	beta
1001200517_L15	beta
1001200517_L18	alpha
1001200517_L19	gamma
1001200517_L20	delta
1001200517_M12	beta
1001200517_M13	beta
1001200517_M14	beta
1001200517_M15	beta
1001200517_M19	alpha
1001200517_M20	beta
1001200517_N10	beta
1001200517_N12	endocrine
1001200517_N17	alpha
1001200517_N18	alpha
1001200517_N19	gamma
1001200517_N20	alpha
1001200517_N3	endocrine
1001200517_N7	beta
1001200517_O11	beta
1001200517_O13	beta
1001200517_O14	alpha
1001200517_O15	beta
1001200517_O16	alpha
1001200517_O17	alpha
1001200517_O20	beta
1001200517_O7	beta
1001200517_P13	beta
1001200517_P15	beta
1001200517_P17	alpha
1001200517_P19	gamma
1001200517_P20	alpha
1001200517_P5	endocrine
1001200517_P8	beta
1001200518_A22	beta
1001200518_E14	endocrine
1001200518_F5	alpha_mt
1001200518_G22	beta
1001200518_H22	beta
1001200518_K22	beta
1001200518_M22	beta
1001200518_N13	endocrine
1001200518_P22	beta
1001200519_A10	alpha
1001200519_A11	beta
1001200519_A12	alpha
1001200519_A13	alpha
1001200519_A14	alpha
1001200519_A16	alpha
1001200519_A17	alpha
1001200519_A19	alpha
1001200519_A3	alpha_mt
1001200519_A5	alpha
1001200519_A9	beta
1001200519_B10	alpha
1001200519_B12	alpha
1001200519_B13	alpha
1001200519_B14	alpha
1001200519_B15	alpha
1001200519_B16	alpha
1001200519_B18	alpha
1001200519_B19	alpha
1001200519_B20	alpha
1001200519_B4	alpha_mt
1001200519_B7	alpha
1001200519_B8	beta
1001200519_B9	beta
1001200519_C10	beta
1001200519_C11	beta
1001200519_C12	alpha
1001200519_C16	alpha
1001200519_C17	alpha
1001200519_C18	alpha
1001200519_C20	alpha
1001200519_C21	alpha_mt
1001200519_C5	alpha
1001200519_C6	alpha
1001200519_C7	beta
1001200519_D10	alpha
1001200519_D11	alpha
1001200519_D12	alpha
1001200519_D13	alpha
1001200519_D14	alpha
1001200519_D15	alpha
1001200519_D16	alpha
1001200519_D17	alpha
1001200519_D18	alpha
1001200519_D19	alpha
1001200519_D5	alpha
1001200519_D6	alpha
1001200519_D7	beta
1001200519_D8	alpha
1001200519_D9	beta
1001200519_E10	alpha
1001200519_E11	alpha
1001200519_E12	alpha_mt
1001200519_E13	alpha
1001200519_E14	alpha
1001200519_E16	alpha
1001200519_E18	alpha
1001200519_E19	alpha
1001200519_E20	alpha
1001200519_E6	beta
1001200519_E7	alpha
1001200519_E9	alpha
1001200519_F10	beta
1001200519_F11	beta
1001200519_F12	alpha
1001200519_F14	alpha
1001200519_F16	alpha
1001200519_F17	alpha
1001200519_F19	alpha
1001200519_F20	alpha
1001200519_F3	alpha
1001200519_F8	alpha
1001200519_F9	beta
1001200519_G11	beta
1001200519_G12	alpha
1001200519_G13	alpha
1001200519_G14	alpha
1001200519_G15	alpha
1001200519_G16	alpha
1001200519_G17	alpha
1001200519_G19	alpha
1001200519_G20	alpha
1001200519_G3	alpha
1001200519_G4	alpha
1001200519_G5	alpha
1001200519_G6	gamma
1001200519_G7	alpha
1001200519_G8	alpha
1001200519_G9	beta
1001200519_H10	beta
1001200519_H11	beta
1001200519_H12	alpha
1001200519_H13	alpha
1001200519_H15	alpha
1001200519_H16	alpha
1001200519_H17	alpha
1001200519_H20	alpha
1001200519_H3	alpha_mt
1001200519_H5	beta
1001200519_H6	alpha
1001200519_H7	alpha
1001200519_I11	beta
1001200519_I13	alpha
1001200519_I14	alpha
1001200519_I15	alpha
1001200519_I16	alpha
1001200519_I17	alpha
1001200519_I18	alpha
1001200519_I19	alpha
1001200519_I2	alpha
1001200519_I20	alpha
1001200519_I3	alpha_mt
1001200519_I5	alpha
1001200519_I7	beta
1001200519_I9	beta
1001200519_J11	beta
1001200519_J12	alpha
1001200519_J13	alpha
1001200519_J14	alpha
1001200519_J15	alpha
1001200519_J16	alpha
1001200519_J17	alpha
1001200519_J18	alpha
1001200519_J19	alpha
1001200519_J20	beta
1001200519_J3	beta
1001200519_J5	beta
1001200519_J6	beta
1001200519_J7	alpha
1001200519_J9	alpha
1001200519_K11	beta
1001200519_K12	alpha
1001200519_K13	alpha
1001200519_K14	alpha
1001200519_K15	alpha
1001200519_K16	alpha
1001200519_K17	alpha
1001200519_K19	alpha
1001200519_K5	alpha
1001200519_K7	beta
1001200519_K8	beta
1001200519_K9	beta
1001200519_L10	beta
1001200519_L11	beta
1001200519_L12	alpha
1001200519_L13	alpha
1001200519_L14	alpha
1001200519_L15	alpha
1001200519_L16	alpha
1001200519_L17	alpha
1001200519_L19	alpha_mt
1001200519_L20	alpha
1001200519_L3	alpha
1001200519_L5	alpha
1001200519_L7	alpha
1001200519_L8	alpha
1001200519_L9	beta
1001200519_M10	alpha
1001200519_M11	alpha
1001200519_M12	alpha
1001200519_M14	alpha
1001200519_M15	beta
1001200519_M16	alpha
1001200519_M17	alpha
1001200519_M19	alpha
1001200519_M2	alpha
1001200519_M20	alpha
1001200519_M3	alpha_mt
1001200519_M5	alpha
1001200519_M6	alpha
1001200519_M8	alpha
1001200519_M9	beta
1001200519_N11	beta
1001200519_N12	alpha
1001200519_N13	alpha
1001200519_N14	alpha
1001200519_N15	alpha
1001200519_N16	alpha
1001200519_N17	gamma
1001200519_N18	alpha
1001200519_N19	alpha
1001200519_N20	alpha
1001200519_N4	alpha
1001200519_N5	alpha
1001200519_N7	beta
1001200519_N8	alpha
1001200519_N9	alpha_mt
1001200519_O10	beta
1001200519_O11	beta
1001200519_O12	alpha
1001200519_O13	alpha
1001200519_O14	alpha
1001200519_O16	beta
1001200519_O17	alpha
1001200519_O18	alpha_mt
1001200519_O19	alpha
1001200519_O20	alpha
1001200519_O3	alpha_mt
1001200519_O5	alpha
1001200519_O6	alpha
1001200519_O8	beta
1001200519_P10	alpha
1001200519_P11	beta
1001200519_P12	alpha
1001200519_P13	alpha
1001200519_P16	alpha
1001200519_P17	alpha
1001200519_P18	alpha
1001200519_P19	alpha
1001200519_P20	alpha
1001200519_P5	beta
1001200519_P6	alpha
1001200519_P7	beta
1001200519_P8	beta
1001200519_P9	beta
1001200520_A1	alpha
1001200520_A10	alpha
1001200520_A11	alpha
1001200520_A14	beta
1001200520_A16	beta
1001200520_A17	beta
1001200520_A18	alpha
1001200520_A19	alpha
1001200520_A20	alpha
1001200520_A21	alpha
1001200520_A22	alpha
1001200520_A3	alpha
1001200520_A4	alpha
1001200520_A5	alpha
1001200520_A6	alpha
1001200520_A7	alpha
1001200520_A8	beta
1001200520_A9	beta
1001200520_B1	alpha
1001200520_B10	alpha
1001200520_B11	alpha
1001200520_B12	alpha
1001200520_B13	alpha
1001200520_B14	beta
1001200520_B15	beta
1001200520_B16	beta
1001200520_B17	beta
1001200520_B18	alpha
1001200520_B19	alpha
1001200520_B20	alpha
1001200520_B22	alpha
1001200520_B3	alpha
1001200520_B4	alpha
1001200520_B5	alpha
1001200520_B6	beta
1001200520_B7	beta
1001200520_B8	alpha
1001200520_B9	alpha
1001200520_C1	alpha
1001200520_C10	alpha
1001200520_C11	alpha
1001200520_C12	beta
1001200520_C14	alpha
1001200520_C15	beta
1001200520_C16	beta
1001200520_C17	beta
1001200520_C18	alpha
1001200520_C19	alpha
1001200520_C2	alpha
1001200520_C20	alpha
1001200520_C21	alpha
1001200520_C22	alpha
1001200520_C4	alpha
1001200520_C5	alpha
1001200520_C6	alpha
1001200520_C7	alpha
1001200520_C8	alpha
1001200520_C9	alpha
1001200520_D1	alpha
1001200520_D10	beta
1001200520_D11	alpha
1001200520_D12	alpha
1001200520_D13	alpha
1001200520_D14	alpha
1001200520_D15	alpha
1001200520_D16	beta
1001200520_D19	alpha
1001200520_D2	beta
1001200520_D20	alpha
1001200520_D22	alpha
1001200520_D3	alpha
1001200520_D4	alpha
1001200520_D5	alpha
1001200520_D6	alpha
1001200520_D7	delta
1001200520_D8	alpha
1001200520_D9	alpha
1001200520_E1	alpha
1001200520_E11	beta
1001200520_E12	beta
1001200520_E13	alpha
1001200520_E15	beta
1001200520_E16	beta
1001200520_E17	beta
1001200520_E18	alpha
1001200520_E19	alpha
1001200520_E2	alpha
1001200520_E20	alpha
1001200520_E22	alpha
1001200520_E3	alpha
1001200520_E4	alpha
1001200520_E5	alpha
1001200520_E6	alpha
1001200520_E8	alpha
1001200520_E9	alpha
1001200520_F11	alpha
1001200520_F12	alpha
1001200520_F14	beta
1001200520_F15	beta
1001200520_F16	beta
1001200520_F17	beta
1001200520_F18	alpha
1001200520_F19	alpha
1001200520_F2	alpha
1001200520_F20	alpha
1001200520_F21	alpha
1001200520_F22	alpha
1001200520_F3	alpha
1001200520_F4	alpha
1001200520_F5	alpha
1001200520_F6	alpha
1001200520_F7	alpha
1001200520_F8	beta
1001200520_G10	alpha
1001200520_G11	alpha
1001200520_G13	alpha
1001200520_G14	beta
1001200520_G15	beta
1001200520_G16	beta
1001200520_G2	alpha
1001200520_G20	alpha
1001200520_G21	alpha
1001200520_G22	alpha
1001200520_G4	alpha
1001200520_G5	alpha
1001200520_G6	alpha
1001200520_G7	alpha
1001200520_G8	alpha
1001200520_H10	alpha
1001200520_H11	beta
1001200520_H12	alpha
1001200520_H13	alpha
1001200520_H14	beta
1001200520_H15	beta
1001200520_H16	beta
1001200520_H17	beta
1001200520_H18	alpha
1001200520_H2	alpha
1001200520_H20	beta
1001200520_H21	alpha
1001200520_H22	alpha
1001200520_H3	alpha
1001200520_H4	alpha
1001200520_H5	alpha
1001200520_H6	alpha
1001200520_H7	alpha
1001200520_H8	alpha
1001200520_H9	alpha
1001200520_I1	alpha
1001200520_I10	beta
1001200520_I12	alpha
1001200520_I13	alpha
1001200520_I14	beta
1001200520_I15	beta
1001200520_I16	alpha
1001200520_I17	alpha
1001200520_I18	alpha
1001200520_I19	alpha
1001200520_I2	alpha
1001200520_I20	alpha
1001200520_I21	alpha
1001200520_I22	alpha
1001200520_I3	alpha
1001200520_I4	alpha
1001200520_I8	alpha
1001200520_I9	alpha
1001200520_J1	alpha
1001200520_J10	alpha
1001200520_J11	alpha
1001200520_J12	alpha
1001200520_J13	alpha
1001200520_J15	alpha
1001200520_J16	beta
1001200520_J17	beta
1001200520_J18	alpha
1001200520_J19	alpha
1001200520_J2	alpha
1001200520_J21	alpha
1001200520_J22	alpha
1001200520_J3	alpha
1001200520_J4	alpha
1001200520_J6	alpha
1001200520_J7	alpha
1001200520_J8	alpha
1001200520_J9	alpha
1001200520_K11	alpha
1001200520_K12	alpha
1001200520_K13	alpha
1001200520_K14	beta
1001200520_K15	alpha
1001200520_K16	beta
1001200520_K17	alpha
1001200520_K18	alpha
1001200520_K19	alpha
1001200520_K2	alpha
1001200520_K20	alpha
1001200520_K21	alpha
1001200520_K22	alpha
1001200520_K3	alpha
1001200520_K4	alpha
1001200520_K5	beta
1001200520_K6	alpha
1001200520_K7	alpha
1001200520_K8	alpha
1001200520_K9	alpha
1001200520_L10	alpha
1001200520_L11	beta
1001200520_L12	alpha
1001200520_L13	alpha
1001200520_L14	alpha
1001200520_L15	alpha
1001200520_L16	beta
1001200520_L17	beta
1001200520_L19	alpha
1001200520_L2	alpha
1001200520_L20	alpha
1001200520_L22	alpha
1001200520_L4	alpha
1001200520_L5	beta
1001200520_L6	beta
1001200520_L7	alpha
1001200520_L8	alpha
1001200520_L9	alpha
1001200520_M1	alpha
1001200520_M10	alpha
1001200520_M11	alpha
1001200520_M12	alpha
1001200520_M13	alpha
1001200520_M15	beta
1001200520_M16	beta
1001200520_M17	alpha
1001200520_M18	alpha
1001200520_M19	alpha
1001200520_M2	alpha
1001200520_M20	alpha
1001200520_M21	alpha
1001200520_M22	alpha
1001200520_M3	beta
1001200520_M4	alpha
1001200520_M5	alpha
1001200520_M6	alpha
1001200520_M7	alpha
1001200520_M8	alpha
1001200520_M9	alpha
1001200520_N1	alpha
1001200520_N11	alpha
1001200520_N12	alpha
1001200520_N13	beta
1001200520_N14	alpha
1001200520_N15	delta
1001200520_N16	beta
1001200520_N17	beta
1001200520_N18	alpha
1001200520_N19	alpha
1001200520_N2	beta
1001200520_N20	alpha
1001200520_N3	alpha
1001200520_N4	alpha
1001200520_N5	alpha
1001200520_N6	alpha
1001200520_N7	alpha
1001200520_O1	alpha
1001200520_O10	alpha
1001200520_O11	alpha
1001200520_O12	alpha
1001200520_O13	alpha
1001200520_O14	endocrine
1001200520_O15	beta
1001200520_O16	alpha
1001200520_O17	alpha
1001200520_O18	alpha
1001200520_O19	alpha
1001200520_O2	endocrine
1001200520_O20	alpha
1001200520_O21	alpha
1001200520_O3	beta
1001200520_O4	alpha
1001200520_O5	alpha
1001200520_O6	alpha
1001200520_O7	alpha
1001200520_O9	alpha
1001200520_P10	alpha
1001200520_P12	alpha
1001200520_P13	alpha
1001200520_P15	beta
1001200520_P2	alpha
1001200520_P4	alpha
1001200520_P6	alpha
1001200520_P7	alpha
1001200520_P8	alpha
1001200521_A1	beta
1001200521_A10	endocrine
1001200521_A12	beta
1001200521_A13	beta
1001200521_A15	alpha
1001200521_A16	beta
1001200521_A17	beta
1001200521_A2	endocrine
1001200521_A20	beta
1001200521_A21	beta
1001200521_A22	beta
1001200521_A3	endocrine
1001200521_A6	gamma
1001200521_A8	alpha_mt
1001200521_A9	alpha_mt
1001200521_B10	beta
1001200521_B11	endocrine
1001200521_B12	beta
1001200521_B13	gamma
1001200521_B14	beta
1001200521_B17	beta
1001200521_B2	beta
1001200521_B20	beta
1001200521_B21	beta
1001200521_B22	beta
1001200521_B3	endocrine
1001200521_B5	endocrine
1001200521_B6	alpha
1001200521_C12	beta
1001200521_C13	beta
1001200521_C14	beta
1001200521_C17	beta
1001200521_C19	endocrine
1001200521_C2	endocrine
1001200521_C21	beta
1001200521_C22	alpha
1001200521_C3	endocrine
1001200521_C4	endocrine
1001200521_C5	endocrine
1001200521_C7	endocrine
1001200521_C8	endocrine
1001200521_D10	endocrine
1001200521_D12	alpha
1001200521_D13	beta
1001200521_D14	beta
1001200521_D16	beta
1001200521_D17	beta
1001200521_D18	alpha
1001200521_D19	beta
1001200521_D2	endocrine
1001200521_D20	beta
1001200521_D22	beta
1001200521_D3	alpha_mt
1001200521_D5	endocrine
1001200521_D6	alpha_mt
1001200521_D8	endocrine
1001200521_D9	endocrine
1001200521_E10	endocrine
1001200521_E11	beta
1001200521_E13	beta
1001200521_E15	beta
1001200521_E16	beta
1001200521_E17	beta
1001200521_E18	beta
1001200521_E19	beta
1001200521_E21	beta
1001200521_E22	endocrine
1001200521_E3	endocrine
1001200521_E4	endocrine
1001200521_E5	endocrine
1001200521_E7	beta
1001200521_F10	beta
1001200521_F11	endocrine
1001200521_F12	beta
1001200521_F13	beta
1001200521_F14	beta
1001200521_F15	beta
1001200521_F16	alpha
1001200521_F17	beta
1001200521_F2	endocrine
1001200521_F21	beta
1001200521_F22	beta
1001200521_F4	endocrine
1001200521_F6	alpha
1001200521_G1	alpha_mt
1001200521_G10	endocrine
1001200521_G13	beta
1001200521_G14	alpha
1001200521_G15	beta
1001200521_G16	beta
1001200521_G17	beta
1001200521_G18	beta
1001200521_G19	beta
1001200521_G2	beta
1001200521_G20	beta
1001200521_G21	beta
1001200521_G3	beta
1001200521_G5	endocrine
1001200521_H1	endocrine
1001200521_H11	delta
1001200521_H13	beta
1001200521_H14	beta
1001200521_H17	alpha
1001200521_H18	endocrine
1001200521_H19	beta
1001200521_H3	endocrine
1001200521_H5	endocrine
1001200521_H7	alpha
1001200521_I1	beta
1001200521_I13	beta
1001200521_I14	beta
1001200521_I16	beta
1001200521_I18	beta
1001200521_I19	beta
1001200521_I20	beta
1001200521_I21	beta
1001200521_I3	endocrine
1001200521_I4	endocrine
1001200521_I9	beta
1001200521_J10	endocrine
1001200521_J12	beta
1001200521_J13	beta
1001200521_J15	beta
1001200521_J17	beta
1001200521_J19	alpha
1001200521_J2	alpha
1001200521_J20	beta
1001200521_J21	beta
1001200521_J22	endocrine
1001200521_J3	endocrine
1001200521_K10	endocrine
1001200521_K13	beta
1001200521_K14	beta
1001200521_K15	endocrine
1001200521_K16	beta
1001200521_K17	beta
1001200521_K2	endocrine
1001200521_K20	beta
1001200521_K21	beta
1001200521_K3	alpha_mt
1001200521_K4	beta
1001200521_K5	endocrine
1001200521_K6	endocrine
1001200521_K8	alpha_mt
1001200521_L10	alpha_mt
1001200521_L11	endocrine
1001200521_L12	beta
1001200521_L14	beta
1001200521_L15	beta
1001200521_L16	beta
1001200521_L17	beta
1001200521_L18	alpha
1001200521_L19	beta
1001200521_L2	beta
1001200521_L20	beta
1001200521_L21	endocrine
1001200521_L22	beta
1001200521_L3	beta
1001200521_L5	endocrine
1001200521_L6	alpha_mt
1001200521_L9	endocrine
1001200521_M13	beta
1001200521_M14	beta
1001200521_M16	beta
1001200521_M17	beta
1001200521_M18	beta
1001200521_M19	beta
1001200521_M22	endocrine
1001200521_M6	endocrine
1001200521_M7	beta
1001200521_M9	endocrine
1001200521_N1	beta
1001200521_N12	beta
1001200521_N14	beta
1001200521_N16	beta
1001200521_N17	beta
1001200521_N18	beta
1001200521_N19	beta
1001200521_N2	endocrine
1001200521_N20	beta
1001200521_N21	beta
1001200521_N22	beta
1001200521_N3	endocrine
1001200521_N4	endocrine
1001200521_O1	endocrine
1001200521_O12	beta
1001200521_O14	endocrine
1001200521_O16	beta
1001200521_O17	beta
1001200521_O18	beta
1001200521_O19	beta
1001200521_O2	endocrine
1001200521_O20	beta
1001200521_O21	beta
1001200521_O22	beta
1001200521_O5	endocrine
1001200521_O7	endocrine
1001200521_O8	endocrine
1001200521_P13	alpha_mt
1001200521_P18	beta
1001200521_P19	beta
1001200521_P2	endocrine
1001200521_P21	beta
1001200522_A10	endocrine
1001200522_A13	beta
1001200522_A16	alpha
1001200522_A17	alpha
1001200522_A19	alpha
1001200522_A20	alpha
1001200522_A6	alpha
1001200522_A8	alpha
1001200522_B1	gamma
1001200522_B10	alpha
1001200522_B12	beta
1001200522_B13	gamma
1001200522_B14	alpha
1001200522_B15	gamma
1001200522_B16	alpha
1001200522_B17	alpha
1001200522_B19	alpha
1001200522_B20	beta
1001200522_B6	alpha
1001200522_B7	alpha_mt
1001200522_C11	alpha
1001200522_C12	beta
1001200522_C13	beta
1001200522_C15	alpha
1001200522_C16	alpha
1001200522_C17	alpha
1001200522_C18	alpha
1001200522_C19	alpha
1001200522_C20	alpha
1001200522_C7	alpha
1001200522_D10	alpha_mt
1001200522_D11	beta
1001200522_D12	alpha_mt
1001200522_D13	gamma
1001200522_D14	alpha
1001200522_D15	alpha
1001200522_D16	alpha
1001200522_D17	alpha
1001200522_D18	alpha
1001200522_D20	alpha
1001200522_D4	alpha_mt
1001200522_D6	alpha
1001200522_D7	beta
1001200522_D9	beta
1001200522_E10	alpha
1001200522_E11	beta
1001200522_E12	beta
1001200522_E15	gamma
1001200522_E16	alpha
1001200522_E17	alpha
1001200522_E18	alpha
1001200522_E19	alpha
1001200522_E5	alpha_mt
1001200522_E7	alpha_mt
1001200522_E8	alpha
1001200522_F11	beta
1001200522_F13	endocrine
1001200522_F14	beta
1001200522_F15	alpha
1001200522_F16	alpha
1001200522_F17	alpha
1001200522_F18	beta
1001200522_F19	alpha
1001200522_F20	alpha
1001200522_F6	beta
1001200522_F7	beta
1001200522_F9	alpha
1001200522_G12	beta
1001200522_G13	beta
1001200522_G14	beta
1001200522_G15	alpha
1001200522_G16	alpha
1001200522_G17	alpha
1001200522_G18	beta
1001200522_G19	alpha
1001200522_G8	beta
1001200522_G9	beta
1001200522_H11	alpha
1001200522_H12	alpha
1001200522_H14	alpha
1001200522_H15	alpha
1001200522_H16	alpha
1001200522_H17	alpha
1001200522_H19	alpha
1001200522_H20	gamma
1001200522_H6	alpha
1001200522_H7	beta
1001200522_H9	alpha
1001200522_I10	alpha_mt
1001200522_I11	alpha
1001200522_I12	beta
1001200522_I14	beta
1001200522_I17	alpha
1001200522_I18	gamma
1001200522_I20	alpha
1001200522_I6	alpha
1001200522_I7	beta
1001200522_I9	alpha
1001200522_J10	beta
1001200522_J13	alpha
1001200522_J15	alpha
1001200522_J16	alpha
1001200522_J18	beta
1001200522_J19	gamma
1001200522_J20	alpha
1001200522_J8	beta
1001200522_K10	beta
1001200522_K11	alpha
1001200522_K12	beta
1001200522_K13	beta
1001200522_K17	alpha
1001200522_K18	alpha
1001200522_K2	alpha_mt
1001200522_K6	beta
1001200522_K7	alpha
1001200522_L11	beta
1001200522_L12	beta
1001200522_L13	alpha
1001200522_L14	alpha
1001200522_L15	alpha
1001200522_L16	alpha
1001200522_L17	alpha
1001200522_L19	alpha
1001200522_L6	beta
1001200522_M14	beta
1001200522_M15	alpha
1001200522_M17	alpha
1001200522_M18	alpha
1001200522_M19	alpha
1001200522_M6	alpha
1001200522_M7	beta
1001200522_M9	alpha
1001200522_N10	alpha_mt
1001200522_N13	gamma
1001200522_N14	alpha
1001200522_N15	alpha
1001200522_N16	alpha
1001200522_N19	beta
1001200522_N20	alpha
1001200522_N6	beta
1001200522_N8	beta
1001200522_O12	beta
1001200522_O15	alpha
1001200522_O16	gamma
1001200522_O17	alpha
1001200522_O19	alpha
1001200522_O20	alpha
1001200522_O4	alpha_mt
1001200522_O6	alpha
1001200522_O8	alpha
1001200522_P1	alpha_mt
1001200522_P12	beta
1001200522_P13	beta
1001200522_P15	alpha
1001200522_P16	alpha
1001200522_P18	alpha
1001200522_P20	alpha
1001200522_P7	alpha_mt
1001200522_P9	beta
