X1000010011.A01	beta
X1000010011.A02	alpha
X1000010011.A03	beta
X1000010011.A04	alpha
X1000010011.A05	delta
X1000010011.A06	delta
X1000010011.A07	alpha
X1000010011.A08	beta
X1000010011.A09	alpha
X1000010011.A10	beta
X1000010011.A11	alpha
X1000010011.A12	alpha
X1000010011.B01	alpha
X1000010011.B02	alpha
X1000010011.B03	alpha
X1000010011.B04	beta
X1000010011.B05	beta
X1000010011.B06	alpha
X1000010011.B07	alpha
X1000010011.B08	beta
X1000010011.B09	beta
X1000010011.B10	alpha
X1000010011.B12	beta
X1000010011.C01	alpha
X1000010011.C02	alpha
X1000010011.C04	beta
X1000010011.C06	alpha
X1000010011.C07	alpha
X1000010011.C09	beta
X1000010011.C12	alpha
X1000010011.D01	beta
X1000010011.D02	alpha
X1000010011.D03	alpha
X1000010011.D04	alpha
X1000010011.D05	beta
X1000010011.D06	alpha
X1000010011.D07	alpha
X1000010011.D08	alpha
X1000010011.D09	beta
X1000010011.D10	alpha
X1000010011.D11	alpha
X1000010011.D12	alpha
X1000010011.E01	alpha
X1000010011.E02	beta
X1000010011.E04	alpha
X1000010011.E05	alpha
X1000010011.E06	alpha
X1000010011.E08	beta
X1000010011.E10	alpha
X1000010011.E11	alpha
X1000010011.E12	alpha
X1000010011.F01	beta
X1000010011.F02	beta
X1000010011.F03	beta
X1000010011.F04	alpha
X1000010011.F05	alpha
X1000010011.F06	alpha
X1000010011.F07	alpha
X1000010011.F08	beta
X1000010011.F09	beta
X1000010011.F10	alpha
X1000010011.F11	beta
X1000010011.F12	alpha
X1000010012.A01	acinar
X1000010012.A02	acinar
X1000010012.A04	acinar
X1000010012.A05	acinar
X1000010012.A06	acinar
X1000010012.A07	acinar
X1000010012.B01	acinar
X1000010012.B02	acinar
X1000010012.B03	acinar
X1000010012.B04	acinar
X1000010012.B05	acinar
X1000010012.B06	acinar
X1000010012.B07	acinar
X1000010012.C01	acinar
X1000010012.C02	acinar
X1000010012.C03	acinar
X1000010012.C04	acinar
X1000010012.C06	acinar
X1000010012.C07	acinar
X1000010012.C09	acinar
X1000010012.C10	acinar
X1000010012.C11	acinar
X1000010012.C12	acinar
X1000010012.D01	acinar
X1000010012.D02	acinar
X1000010012.D03	acinar
X1000010012.D04	acinar
X1000010012.D05	acinar
X1000010012.D06	acinar
X1000010012.D08	acinar
X1000010012.D10	acinar
X1000010012.D11	acinar
X1000010012.D12	acinar
X1000010012.E02	acinar
X1000010012.E03	acinar
X1000010012.E04	acinar
X1000010012.E05	acinar
X1000010012.E07	acinar
X1000010012.E08	acinar
X1000010012.E09	acinar
X1000010012.E10	acinar
X1000010012.E11	acinar
X1000010012.E12	acinar
X1000010012.F04	acinar
X1000010012.F05	acinar
X1000010012.F06	acinar
X1000010012.F07	acinar
X1000010012.F09	acinar
X1000010012.F10	acinar
X1000010012.F11	acinar
X1000010012.F12	acinar
X1000010012.G01	acinar
X1000010012.G02	acinar
X1000010012.G03	acinar
X1000010012.G04	acinar
X1000010012.G05	acinar
X1000010012.G06	acinar
X1000010012.G07	acinar
X1000010012.G09	acinar
X1000010012.G10	acinar
X1000010012.G12	acinar
X1000010012.H01	acinar
X1000010012.H02	acinar
X1000010012.H03	acinar
X1000010012.H04	acinar
X1000010012.H05	acinar
X1000010012.H07	acinar
X1000010012.H09	acinar
X1000010012.H10	acinar
X1000010012.H11	acinar
X1000010013.A01	alpha
X1000010013.A02	alpha
X1000010013.A03	alpha
X1000010013.A04	beta
X1000010013.A05	alpha
X1000010013.A06	beta
X1000010013.A07	delta
X1000010013.A08	alpha
X1000010013.A09	beta
X1000010013.A10	beta
X1000010013.A11	beta
X1000010013.A12	alpha
X1000010013.B01	alpha
X1000010013.B02	alpha
X1000010013.B03	beta
X1000010013.B04	alpha
X1000010013.B05	beta
X1000010013.B06	alpha
X1000010013.B07	alpha
X1000010013.B08	beta
X1000010013.B09	beta
X1000010013.B11	beta
X1000010013.B12	beta
X1000010013.C01	alpha
X1000010013.C02	alpha
X1000010013.C03	alpha
X1000010013.C04	beta
X1000010013.C05	alpha
X1000010013.C06	alpha
X1000010013.C07	beta
X1000010013.C08	beta
X1000010013.C09	alpha
X1000010013.C10	alpha
X1000010013.C11	alpha
X1000010013.D01	alpha
X1000010013.D02	beta
X1000010013.D03	beta
X1000010013.D04	beta
X1000010013.D05	alpha
X1000010013.D06	alpha
X1000010013.D07	alpha
X1000010013.D08	beta
X1000010013.D09	beta
X1000010013.D10	beta
X1000010013.D11	beta
X1000010013.D12	alpha
X1000010013.E01	alpha
X1000010013.E02	alpha
X1000010013.E03	beta
X1000010013.E04	alpha
X1000010013.E05	alpha
X1000010013.E07	alpha
X1000010013.E08	alpha
X1000010013.E09	alpha
X1000010013.E10	alpha
X1000010013.E12	alpha
X1000010013.F02	beta
X1000010013.F03	beta
X1000010013.F04	alpha
X1000010013.F05	beta
X1000010013.F06	alpha
X1000010013.F07	alpha
X1000010013.F08	beta
X1000010013.F09	alpha
X1000010013.F10	beta
X1000010013.F11	alpha
X1000010013.F12	beta
X1000010013.G01	beta
X1000010013.G02	beta
X1000010013.G03	alpha
X1000010013.G04	beta
X1000010013.G05	beta
X1000010013.G06	alpha
X1000010013.G07	alpha
X1000010013.G08	alpha
X1000010013.G10	beta
X1000010013.G11	alpha
X1000010013.H01	alpha
X1000010013.H02	beta
X1000010013.H03	beta
X1000010013.H04	alpha
X1000010013.H05	beta
X1000010013.H06	beta
X1000010013.H07	beta
X1000010013.H08	alpha
X1000010013.H09	alpha
X1000010013.H10	alpha
X1000010013.H11	alpha
X1000010013.H12	beta
X1000010014.A01	beta
X1000010014.A02	delta
X1000010014.A03	alpha
X1000010014.A05	alpha
X1000010014.A06	beta
X1000010014.A07	beta
X1000010014.A08	delta
X1000010014.A09	beta
X1000010014.A10	alpha
X1000010014.A11	alpha
X1000010014.A12	alpha
X1000010014.B01	alpha
X1000010014.B02	beta
X1000010014.B03	alpha
X1000010014.B04	alpha
X1000010014.B05	delta
X1000010014.B06	alpha
X1000010014.B07	beta
X1000010014.B08	alpha
X1000010014.B09	alpha
X1000010014.B10	beta
X1000010014.B11	alpha
X1000010014.B12	beta
X1000010014.C02	beta
X1000010014.C03	alpha
X1000010014.C04	beta
X1000010014.C05	beta
X1000010014.C06	alpha
X1000010014.C07	alpha
X1000010014.C08	beta
X1000010014.C09	alpha
X1000010014.C10	alpha
X1000010014.C11	beta
X1000010014.C12	alpha
X1000010014.D01	alpha
X1000010014.D02	alpha
X1000010014.D03	beta
X1000010014.D04	beta
X1000010014.D05	beta
X1000010014.D06	beta
X1000010014.D07	alpha
X1000010014.D08	alpha
X1000010014.D09	beta
X1000010014.D10	beta
X1000010014.D11	beta
X1000010014.D12	alpha
X1000010014.E01	alpha
X1000010014.E03	alpha
X1000010014.E04	beta
X1000010014.E05	beta
X1000010014.E06	beta
X1000010014.E07	alpha
X1000010014.E08	beta
X1000010014.E09	alpha
X1000010014.E10	beta
X1000010014.E11	alpha
X1000010014.E12	beta
X1000010014.F01	alpha
X1000010014.F02	alpha
X1000010014.F03	beta
X1000010014.F04	beta
X1000010014.F05	alpha
X1000010014.F06	alpha
X1000010014.F07	beta
X1000010014.F08	alpha
X1000010014.F09	alpha
X1000010014.F10	alpha
X1000010014.F11	alpha
X1000010014.F12	alpha
X1000010014.G01	beta
X1000010014.G02	beta
X1000010014.G03	beta
X1000010014.G04	alpha
X1000010014.G05	delta
X1000010014.G06	delta
X1000010014.G07	beta
X1000010014.G08	alpha
X1000010014.G09	alpha
X1000010014.G10	beta
X1000010014.G11	beta
X1000010014.G12	alpha
X1000010014.H01	alpha
X1000010014.H02	beta
X1000010014.H04	alpha
X1000010014.H05	alpha
X1000010014.H06	beta
X1000010014.H07	alpha
X1000010014.H08	alpha
X1000010014.H09	beta
X1000010014.H10	beta
X1000010014.H11	beta
X1000010014.H12	beta
X1000010015.A01	delta
X1000010015.A02	beta
X1000010015.A03	beta
X1000010015.A04	alpha
X1000010015.A05	beta
X1000010015.A06	alpha
X1000010015.A07	alpha
X1000010015.A08	alpha
X1000010015.A09	alpha
X1000010015.A10	beta
X1000010015.A11	alpha
X1000010015.A12	alpha
X1000010015.B01	beta
X1000010015.B02	beta
X1000010015.B03	beta
X1000010015.B04	alpha
X1000010015.B05	beta
X1000010015.B06	beta
X1000010015.B07	delta
X1000010015.B08	beta
X1000010015.B09	alpha
X1000010015.B10	beta
X1000010015.B11	alpha
X1000010015.B12	beta
X1000010015.C01	beta
X1000010015.C02	alpha
X1000010015.C03	alpha
X1000010015.C04	alpha
X1000010015.C05	beta
X1000010015.C06	beta
X1000010015.C07	alpha
X1000010015.C08	alpha
X1000010015.C09	beta
X1000010015.C10	alpha
X1000010015.C11	delta
X1000010015.C12	beta
X1000010015.D01	alpha
X1000010015.D02	beta
X1000010015.D03	alpha
X1000010015.D04	alpha
X1000010015.D05	beta
X1000010015.D07	alpha
X1000010015.D08	beta
X1000010015.D10	beta
X1000010015.D11	alpha
X1000010015.D12	alpha
X1000010015.E01	beta
X1000010015.E02	beta
X1000010015.E03	delta
X1000010015.E04	beta
X1000010015.E05	beta
X1000010015.E06	alpha
X1000010015.E07	alpha
X1000010015.E08	beta
X1000010015.E09	beta
X1000010015.E10	beta
X1000010015.E11	beta
X1000010015.E12	beta
X1000010015.F01	beta
X1000010015.F02	alpha
X1000010015.F03	alpha
X1000010015.F04	alpha
X1000010015.F05	alpha
X1000010015.F06	alpha
X1000010015.F07	alpha
X1000010015.F08	beta
X1000010015.F09	alpha
X1000010015.F10	alpha
X1000010015.F11	beta
X1000010015.F12	beta
X1000010015.G01	beta
X1000010015.G02	delta
X1000010015.G03	delta
X1000010015.G04	beta
X1000010015.G05	beta
X1000010015.G06	beta
X1000010015.G07	alpha
X1000010015.G08	beta
X1000010015.G09	alpha
X1000010015.G10	delta
X1000010015.G11	beta
X1000010015.G12	alpha
X1000010015.H01	beta
X1000010015.H02	beta
X1000010015.H03	beta
X1000010015.H04	beta
X1000010015.H05	alpha
X1000010015.H06	alpha
X1000010015.H07	alpha
X1000010015.H08	alpha
X1000010015.H09	beta
X1000010015.H10	alpha
X1000010015.H11	alpha
X1000010015.H12	beta
X1000010016.A01	ductal/mesench
X1000010016.A02	ductal/mesench
X1000010016.A03	ductal/mesench
X1000010016.A04	ductal/mesench
X1000010016.A05	ductal/mesench
X1000010016.A06	ductal/mesench
X1000010016.A07	ductal/mesench
X1000010016.A08	ductal/mesench
X1000010016.A09	ductal/mesench
X1000010016.A10	ductal/mesench
X1000010016.A11	ductal/mesench
X1000010016.A12	ductal/mesench
X1000010016.B01	ductal/mesench
X1000010016.B02	ductal/mesench
X1000010016.B03	ductal/mesench
X1000010016.B04	beta
X1000010016.B05	ductal/mesench
X1000010016.B06	ductal/mesench
X1000010016.B07	ductal/mesench
X1000010016.B08	ductal/mesench
X1000010016.B09	ductal/mesench
X1000010016.B10	ductal/mesench
X1000010016.B11	ductal/mesench
X1000010016.B12	ductal/mesench
X1000010016.C01	ductal/mesench
X1000010016.C02	ductal/mesench
X1000010016.C03	ductal/mesench
X1000010016.C04	ductal/mesench
X1000010016.C05	ductal/mesench
X1000010016.C06	ductal/mesench
X1000010016.C07	ductal/mesench
X1000010016.C08	ductal/mesench
X1000010016.C09	ductal/mesench
X1000010016.C10	ductal/mesench
X1000010016.C11	ductal/mesench
X1000010016.C12	ductal/mesench
X1000010016.D01	ductal/mesench
X1000010016.D02	ductal/mesench
X1000010016.D03	ductal/mesench
X1000010016.D04	ductal/mesench
X1000010016.D05	ductal/mesench
X1000010016.D06	ductal/mesench
X1000010016.D07	ductal/mesench
X1000010016.D08	ductal/mesench
X1000010016.D09	ductal/mesench
X1000010016.D10	ductal/mesench
X1000010016.D11	ductal/mesench
X1000010016.D12	ductal/mesench
X1000010016.E01	ductal/mesench
X1000010016.E02	ductal/mesench
X1000010016.E03	ductal/mesench
X1000010016.E04	ductal/mesench
X1000010016.E05	ductal/mesench
X1000010016.E06	ductal/mesench
X1000010016.E07	ductal/mesench
X1000010016.E08	ductal/mesench
X1000010016.E09	ductal/mesench
X1000010016.E10	ductal/mesench
X1000010016.E11	ductal/mesench
X1000010016.E12	ductal/mesench
X1000010016.F01	ductal/mesench
X1000010016.F02	ductal/mesench
X1000010016.F04	ductal/mesench
X1000010016.F05	ductal/mesench
X1000010016.F06	ductal/mesench
X1000010016.F07	ductal/mesench
X1000010016.F08	ductal/mesench
X1000010016.F09	ductal/mesench
X1000010016.F10	ductal/mesench
X1000010016.F12	ductal/mesench
X1000010016.G01	ductal/mesench
X1000010016.G02	ductal/mesench
X1000010016.G03	ductal/mesench
X1000010016.G04	ductal/mesench
X1000010016.G05	ductal/mesench
X1000010016.G06	ductal/mesench
X1000010016.G07	ductal/mesench
X1000010016.G08	ductal/mesench
X1000010016.G09	ductal/mesench
X1000010016.G10	ductal/mesench
X1000010016.G12	ductal/mesench
X1000010016.H01	ductal/mesench
X1000010016.H02	ductal/mesench
X1000010016.H03	ductal/mesench
X1000010016.H04	ductal/mesench
X1000010016.H05	ductal/mesench
X1000010016.H06	ductal/mesench
X1000010016.H07	ductal/mesench
X1000010016.H08	ductal/mesench
X1000010016.H09	ductal/mesench
X1000010016.H10	ductal/mesench
X1000010016.H11	ductal/mesench
X1000010016.H12	ductal/mesench
X1000101201.A1	ductal/mesench
X1000101201.A10	ductal/mesench
X1000101201.A11	ductal/mesench
X1000101201.A12	ductal/mesench
X1000101201.A2	ductal/mesench
X1000101201.A3	ductal/mesench
X1000101201.A4	ductal/mesench
X1000101201.A5	ductal/mesench
X1000101201.A6	ductal/mesench
X1000101201.A7	ductal/mesench
X1000101201.A8	ductal/mesench
X1000101201.A9	ductal/mesench
X1000101201.B11	ductal/mesench
X1000101201.B3	ductal/mesench
X1000101201.B5	ductal/mesench
X1000101201.B7	ductal/mesench
X1000101201.B8	ductal/mesench
X1000101201.C1	ductal/mesench
X1000101201.C10	ductal/mesench
X1000101201.C11	ductal/mesench
X1000101201.C12	ductal/mesench
X1000101201.C2	ductal/mesench
X1000101201.C3	ductal/mesench
X1000101201.C4	ductal/mesench
X1000101201.C5	ductal/mesench
X1000101201.C6	ductal/mesench
X1000101201.C7	ductal/mesench
X1000101201.C8	ductal/mesench
X1000101201.C9	ductal/mesench
X1000101201.D1	ductal/mesench
X1000101201.D10	ductal/mesench
X1000101201.D11	ductal/mesench
X1000101201.D12	ductal/mesench
X1000101201.D2	ductal/mesench
X1000101201.D3	ductal/mesench
X1000101201.D5	ductal/mesench
X1000101201.D6	ductal/mesench
X1000101201.D9	ductal/mesench
X1000101201.E1	ductal/mesench
X1000101201.E10	ductal/mesench
X1000101201.E11	ductal/mesench
X1000101201.E12	ductal/mesench
X1000101201.E2	ductal/mesench
X1000101201.E3	ductal/mesench
X1000101201.E4	ductal/mesench
X1000101201.E5	ductal/mesench
X1000101201.E6	ductal/mesench
X1000101201.E8	ductal/mesench
X1000101201.F10	ductal/mesench
X1000101201.F11	ductal/mesench
X1000101201.F3	ductal/mesench
X1000101201.F4	ductal/mesench
X1000101201.F6	ductal/mesench
X1000101201.F8	ductal/mesench
X1000101201.F9	ductal/mesench
X1000101201.G1	ductal/mesench
X1000101201.G10	ductal/mesench
X1000101201.G11	ductal/mesench
X1000101201.G12	ductal/mesench
X1000101201.G2	ductal/mesench
X1000101201.G7	ductal/mesench
X1000101201.G8	ductal/mesench
X1000101201.G9	ductal/mesench
X1000101201.H1	ductal/mesench
X1000101201.H10	ductal/mesench
X1000101201.H11	ductal/mesench
X1000101201.H2	ductal/mesench
X1000101201.H3	ductal/mesench
X1000101201.H5	ductal/mesench
X1000101201.H6	ductal/mesench
X1000101201.H7	ductal/mesench
X1000101201.H9	ductal/mesench
X1000101202.A10	ductal/mesench
X1000101202.A11	acinar
X1000101202.A12	acinar
X1000101202.A2	acinar
X1000101202.A3	acinar
X1000101202.A5	alpha
X1000101202.A6	acinar
X1000101202.B10	alpha
X1000101202.B12	acinar
X1000101202.B3	acinar
X1000101202.B4	acinar
X1000101202.B5	alpha
X1000101202.B6	acinar
X1000101202.B7	acinar
X1000101202.B9	acinar
X1000101202.C1	acinar
X1000101202.C10	alpha
X1000101202.C12	acinar
X1000101202.C3	alpha
X1000101202.C5	ductal/mesench
X1000101202.C6	acinar
X1000101202.C7	acinar
X1000101202.C8	ductal/mesench
X1000101202.C9	ductal/mesench
X1000101202.D1	alpha
X1000101202.D11	acinar
X1000101202.D12	acinar
X1000101202.D4	alpha
X1000101202.D5	alpha
X1000101202.D6	acinar
X1000101202.D7	alpha
X1000101202.D9	acinar
X1000101202.E10	alpha
X1000101202.E12	acinar
X1000101202.E2	ductal/mesench
X1000101202.E4	beta
X1000101202.E5	acinar
X1000101202.E6	acinar
X1000101202.E7	acinar
X1000101202.E8	ductal/mesench
X1000101202.F1	acinar
X1000101202.F10	acinar
X1000101202.F5	acinar
X1000101202.F6	ductal/mesench
X1000101202.F8	alpha
X1000101202.F9	beta
X1000101202.G10	ductal/mesench
X1000101202.G11	alpha
X1000101202.G2	beta
X1000101202.G4	alpha
X1000101202.H10	alpha
X1000101202.H11	acinar
X1000101202.H3	ductal/mesench
X1000101202.H4	ductal/mesench
X1000101202.H6	alpha
X1000101202.H7	ductal/mesench
X1000101202.H8	acinar
X1000101202.H9	beta
X1000101203.A1	ductal/mesench
X1000101203.A11	acinar
X1000101203.A12	acinar
X1000101203.A6	acinar
X1000101203.A8	alpha
X1000101203.B10	beta
X1000101203.B11	ductal/mesench
X1000101203.B4	acinar
X1000101203.C12	ductal/mesench
X1000101203.D1	acinar
X1000101203.D11	acinar
X1000101203.D6	acinar
X1000101203.E1	ductal/mesench
X1000101203.E11	ductal/mesench
X1000101203.E6	alpha
X1000101203.E7	acinar
X1000101203.F12	ductal/mesench
X1000101203.F3	ductal/mesench
X1000101203.F4	acinar
X1000101203.F7	alpha
X1000101203.G10	acinar
X1000101203.G11	ductal/mesench
X1000101203.G12	acinar
X1000101203.G3	beta
X1000101203.G6	alpha
X1000101203.H1	acinar
X1000101203.H2	ductal/mesench
X1000101203.H4	acinar
X1000101203.H6	alpha
X1000101203.H7	acinar
X1000101204.A1	beta
X1000101204.A10	alpha
X1000101204.A11	beta
X1000101204.A12	alpha
X1000101204.A3	alpha
X1000101204.A4	alpha
X1000101204.A5	alpha
X1000101204.A6	alpha
X1000101204.A7	alpha
X1000101204.A9	alpha
X1000101204.B1	alpha
X1000101204.B11	alpha
X1000101204.B12	alpha
X1000101204.B3	beta
X1000101204.B5	beta
X1000101204.B6	alpha
X1000101204.B7	alpha
X1000101204.B9	alpha
X1000101204.C10	alpha
X1000101204.C11	alpha
X1000101204.C12	alpha
X1000101204.C3	alpha
X1000101204.C6	alpha
X1000101204.C7	alpha
X1000101204.D1	alpha
X1000101204.D11	alpha
X1000101204.D2	beta
X1000101204.D3	alpha
X1000101204.D8	alpha
X1000101204.D9	alpha
X1000101204.E1	alpha
X1000101204.E11	alpha
X1000101204.E12	alpha
X1000101204.E3	alpha
X1000101204.E4	alpha
X1000101204.E7	alpha
X1000101204.F1	alpha
X1000101204.F10	alpha
X1000101204.F11	alpha
X1000101204.F12	alpha
X1000101204.F2	alpha
X1000101204.F3	alpha
X1000101204.F6	beta
X1000101204.F7	alpha
X1000101204.F9	alpha
X1000101204.G1	alpha
X1000101204.G10	beta
X1000101204.G3	beta
X1000101204.G4	alpha
X1000101204.G5	alpha
X1000101204.G6	beta
X1000101204.G7	beta
X1000101204.G9	alpha
X1000101204.H11	alpha
X1000101204.H2	alpha
X1000101204.H3	beta
X1000101204.H6	alpha
X1000101204.H7	alpha
X1000101205.A10	alpha
X1000101205.A11	beta
X1000101205.A12	beta
X1000101205.A2	alpha
X1000101205.A3	beta
X1000101205.A4	alpha
X1000101205.A5	alpha
X1000101205.A6	alpha
X1000101205.A7	beta
X1000101205.A8	alpha
X1000101205.A9	alpha
X1000101205.B1	beta
X1000101205.B10	alpha
X1000101205.B11	alpha
X1000101205.B12	alpha
X1000101205.B3	alpha
X1000101205.B4	alpha
X1000101205.B5	alpha
X1000101205.B6	alpha
X1000101205.B7	alpha
X1000101205.B8	alpha
X1000101205.B9	alpha
X1000101205.C1	alpha
X1000101205.C10	alpha
X1000101205.C11	alpha
X1000101205.C12	alpha
X1000101205.C5	alpha
X1000101205.C7	alpha
X1000101205.C8	alpha
X1000101205.C9	alpha
X1000101205.D1	alpha
X1000101205.D10	alpha
X1000101205.D11	beta
X1000101205.D12	alpha
X1000101205.D2	alpha
X1000101205.D5	alpha
X1000101205.D7	alpha
X1000101205.D9	alpha
X1000101205.E1	beta
X1000101205.E10	beta
X1000101205.E12	alpha
X1000101205.E2	alpha
X1000101205.E3	alpha
X1000101205.E4	alpha
X1000101205.E5	alpha
X1000101205.E6	alpha
X1000101205.E7	alpha
X1000101205.E8	beta
X1000101205.E9	alpha
X1000101205.F10	delta
X1000101205.F12	beta
X1000101205.F4	alpha
X1000101205.F6	beta
X1000101205.F7	alpha
X1000101205.F8	alpha
X1000101205.F9	beta
X1000101205.G1	alpha
X1000101205.G11	alpha
X1000101205.G12	delta
X1000101205.G4	beta
X1000101205.G6	beta
X1000101205.G7	alpha
X1000101205.G8	alpha
X1000101205.G9	alpha
X1000101205.H1	alpha
X1000101205.H10	alpha
X1000101205.H11	alpha
X1000101205.H4	alpha
X1000101205.H5	alpha
X1000101205.H6	alpha
X1000101205.H7	alpha
X1000101206.A10	alpha
X1000101206.A11	alpha
X1000101206.A12	beta
X1000101206.A2	alpha
X1000101206.A3	alpha
X1000101206.A4	beta
X1000101206.A5	beta
X1000101206.A6	alpha
X1000101206.A7	alpha
X1000101206.A9	alpha
X1000101206.B1	alpha
X1000101206.B10	alpha
X1000101206.B12	alpha
X1000101206.B2	alpha
X1000101206.B3	alpha
X1000101206.B4	alpha
X1000101206.B6	alpha
X1000101206.B7	alpha
X1000101206.B8	alpha
X1000101206.B9	alpha
X1000101206.C10	alpha
X1000101206.C11	alpha
X1000101206.C2	beta
X1000101206.C3	alpha
X1000101206.C5	alpha
X1000101206.C7	alpha
X1000101206.C8	alpha
X1000101206.C9	alpha
X1000101206.D1	alpha
X1000101206.D11	beta
X1000101206.D2	beta
X1000101206.D3	alpha
X1000101206.D4	alpha
X1000101206.D5	alpha
X1000101206.D6	beta
X1000101206.D9	alpha
X1000101206.E10	alpha
X1000101206.E11	alpha
X1000101206.E12	alpha
X1000101206.E3	alpha
X1000101206.E5	delta
X1000101206.E6	beta
X1000101206.E7	alpha
X1000101206.E8	alpha
X1000101206.E9	alpha
X1000101206.F10	delta
X1000101206.F12	beta
X1000101206.F4	alpha
X1000101206.F6	beta
X1000101206.F7	alpha
X1000101206.F8	alpha
X1000101206.F9	beta
X1000101206.G1	alpha
X1000101206.G11	alpha
X1000101206.G4	beta
X1000101206.G6	beta
X1000101206.G8	alpha
X1000101206.G9	alpha
X1000101206.H1	alpha
X1000101206.H10	alpha
X1000101206.H11	alpha
X1000101206.H2	alpha
X1000101206.H3	alpha
X1000101206.H4	alpha
X1000101206.H5	alpha
X1000101206.H6	alpha
X1000101206.H7	alpha
X1000101206.H8	alpha
X1000101206.H9	alpha
X1000101207.A10	alpha
X1000101207.A11	alpha
X1000101207.A3	alpha
X1000101207.A4	alpha
X1000101207.A6	alpha
X1000101207.A7	alpha
X1000101207.A8	alpha
X1000101207.B1	alpha
X1000101207.B11	ductal/mesench
X1000101207.B12	beta
X1000101207.B3	alpha
X1000101207.B5	alpha
X1000101207.B7	alpha
X1000101207.C1	alpha
X1000101207.C10	alpha
X1000101207.C11	beta
X1000101207.C4	beta
X1000101207.C5	alpha
X1000101207.C6	alpha
X1000101207.C9	beta
X1000101207.D1	alpha
X1000101207.D10	alpha
X1000101207.D11	alpha
X1000101207.D12	alpha
X1000101207.D4	alpha
X1000101207.D5	beta
X1000101207.D6	beta
X1000101207.D7	alpha
X1000101207.D9	alpha
X1000101207.E10	alpha
X1000101207.E11	alpha
X1000101207.E7	beta
X1000101207.E9	alpha
X1000101207.F1	alpha
X1000101207.F10	alpha
X1000101207.F11	alpha
X1000101207.F12	alpha
X1000101207.F3	alpha
X1000101207.F4	alpha
X1000101207.F5	alpha
X1000101207.F6	alpha
X1000101207.F7	delta
X1000101207.F9	alpha
X1000101207.G1	alpha
X1000101207.G11	beta
X1000101207.G12	beta
X1000101207.G2	alpha
X1000101207.G3	alpha
X1000101207.G4	alpha
X1000101207.G5	alpha
X1000101207.G6	alpha
X1000101207.G7	alpha
X1000101207.G8	alpha
X1000101207.H1	alpha
X1000101207.H10	alpha
X1000101207.H2	alpha
X1000101207.H3	alpha
X1000101207.H5	alpha
X1000101207.H7	alpha
X1000101207.H8	alpha
X1000101207.H9	delta
X1000101208.A10	acinar
X1000101208.A11	acinar
X1000101208.A12	acinar
X1000101208.A4	acinar
X1000101208.A5	acinar
X1000101208.B10	acinar
X1000101208.B11	acinar
X1000101208.B12	acinar
X1000101208.B7	acinar
X1000101208.C3	acinar
X1000101208.C6	acinar
X1000101208.C9	acinar
X1000101208.D1	acinar
X1000101208.D11	acinar
X1000101208.D6	acinar
X1000101208.E11	acinar
X1000101208.E12	acinar
X1000101208.E5	acinar
X1000101208.E6	acinar
X1000101208.F11	acinar
X1000101208.G1	acinar
X1000101208.G11	acinar
X1000101208.H1	acinar
X1000101208.H10	acinar
X1000101208.H3	acinar
X1000101208.H4	acinar
X1000101208.H6	acinar
X1000101208.H7	acinar
X1000101501.A11	beta
X1000101501.A12	beta
X1000101501.A3	alpha
X1000101501.A4	alpha
X1000101501.A5	alpha
X1000101501.A6	beta
X1000101501.A7	beta
X1000101501.A8	beta
X1000101501.A9	beta
X1000101501.B10	alpha
X1000101501.B11	beta
X1000101501.B12	beta
X1000101501.B3	alpha
X1000101501.B5	alpha
X1000101501.B6	alpha
X1000101501.B7	delta
X1000101501.C1	beta
X1000101501.C12	delta
X1000101501.C4	alpha
X1000101501.C7	beta
X1000101501.C9	alpha
X1000101501.D10	beta
X1000101501.D4	alpha
X1000101501.D8	delta
X1000101501.E1	delta
X1000101501.E11	beta
X1000101501.E6	alpha
X1000101501.E7	beta
X1000101501.E9	beta
X1000101501.F1	beta
X1000101501.F10	alpha
X1000101501.F11	beta
X1000101501.F5	alpha
X1000101501.F6	delta
X1000101501.F8	alpha
X1000101501.F9	beta
X1000101501.G1	alpha
X1000101501.G10	alpha
X1000101501.G3	beta
X1000101501.G4	alpha
X1000101501.G5	alpha
X1000101501.G6	beta
X1000101501.G7	delta
X1000101501.G8	beta
X1000101501.G9	beta
X1000101501.H1	alpha
X1000101501.H10	alpha
X1000101501.H11	beta
X1000101501.H2	alpha
X1000101501.H4	alpha
X1000101501.H6	beta
X1000101501.H7	alpha
X1000101501.H8	beta
X1000101501.H9	alpha
X1000101502.E1	acinar
X1000101502.E12	acinar
X1000101502.H1	acinar
X1000101503.A10	beta
X1000101503.A7	beta
X1000101503.A9	delta
X1000101503.B1	beta
X1000101503.B10	alpha
X1000101503.B11	alpha
X1000101503.B2	alpha
X1000101503.B5	alpha
X1000101503.B6	beta
X1000101503.C10	delta
X1000101503.C2	delta
X1000101503.C5	alpha
X1000101503.C6	delta
X1000101503.C8	beta
X1000101503.D1	alpha
X1000101503.D10	alpha
X1000101503.D11	alpha
X1000101503.D12	alpha
X1000101503.D2	beta
X1000101503.D4	delta
X1000101503.D5	beta
X1000101503.D7	alpha
X1000101503.D8	delta
X1000101503.D9	beta
X1000101503.E1	alpha
X1000101503.E10	delta
X1000101503.E12	beta
X1000101503.E2	delta
X1000101503.E6	beta
X1000101503.E7	delta
X1000101503.E8	delta
X1000101503.E9	alpha
X1000101503.F1	alpha
X1000101503.F11	delta
X1000101503.F12	beta
X1000101503.F2	beta
X1000101503.F4	delta
X1000101503.F5	alpha
X1000101503.F9	beta
X1000101503.G1	alpha
X1000101503.G10	alpha
X1000101503.G11	alpha
X1000101503.G12	alpha
X1000101503.G2	beta
X1000101503.G3	alpha
X1000101503.G5	beta
X1000101503.G6	alpha
X1000101503.G9	alpha
X1000101503.H10	alpha
X1000101503.H11	beta
X1000101503.H2	delta
X1000101503.H3	delta
X1000101503.H5	delta
X1000101503.H6	alpha
X1000101504.B4	acinar
X1000101504.D8	ductal/mesench
X1000101504.G7	acinar
X1000101505.A2	ductal/mesench
X1000101505.A3	ductal/mesench
X1000101505.A5	ductal/mesench
X1000101505.B1	ductal/mesench
X1000101505.B12	ductal/mesench
X1000101505.B2	ductal/mesench
X1000101505.B6	ductal/mesench
X1000101505.B7	ductal/mesench
X1000101505.C1	ductal/mesench
X1000101505.C3	ductal/mesench
X1000101505.C6	ductal/mesench
X1000101505.D12	ductal/mesench
X1000101505.D5	ductal/mesench
X1000101505.E2	ductal/mesench
X1000101505.E6	ductal/mesench
X1000101505.E7	ductal/mesench
X1000101505.E8	ductal/mesench
X1000101505.F1	ductal/mesench
X1000101505.F9	ductal/mesench
X1000101505.G1	ductal/mesench
X1000101505.G11	ductal/mesench
X1000101505.G2	ductal/mesench
X1000101505.G3	ductal/mesench
X1000101505.G7	ductal/mesench
X1000101505.G9	ductal/mesench
X1000101505.H10	ductal/mesench
X1000101505.H11	ductal/mesench
X1000101505.H2	ductal/mesench
X1000101505.H4	ductal/mesench
X1000101505.H6	ductal/mesench
X1000101505.H7	ductal/mesench
X1000101505.H9	ductal/mesench
X1000101506.A1	acinar
X1000101506.A10	acinar
X1000101506.A11	acinar
X1000101506.A5	acinar
X1000101506.A6	acinar
X1000101506.A7	acinar
X1000101506.A8	acinar
X1000101506.B1	acinar
X1000101506.B12	acinar
X1000101506.B5	acinar
X1000101506.B6	acinar
X1000101506.B7	acinar
X1000101506.B8	acinar
X1000101506.C10	acinar
X1000101506.C12	acinar
X1000101506.C2	acinar
X1000101506.C4	ductal/mesench
X1000101506.C7	acinar
X1000101506.C8	acinar
X1000101506.D10	acinar
X1000101506.D11	acinar
X1000101506.D2	acinar
X1000101506.D3	acinar
X1000101506.D5	acinar
X1000101506.D6	acinar
X1000101506.D8	acinar
X1000101506.E10	acinar
X1000101506.E12	acinar
X1000101506.E3	acinar
X1000101506.E5	acinar
X1000101506.E7	acinar
X1000101506.E8	acinar
X1000101506.E9	acinar
X1000101506.F11	acinar
X1000101506.F12	acinar
X1000101506.F3	acinar
X1000101506.F5	acinar
X1000101506.F6	acinar
X1000101506.F9	acinar
X1000101506.G1	acinar
X1000101506.G10	acinar
X1000101506.G3	acinar
X1000101506.G4	acinar
X1000101506.G7	acinar
X1000101506.G8	acinar
X1000101506.G9	acinar
X1000101506.H11	acinar
X1000101506.H3	acinar
X1000101506.H4	acinar
X1000101506.H6	acinar
X1000101506.H7	acinar
X1000101506.H8	acinar
X1000101601.A1	alpha
X1000101601.A4	beta
X1000101601.A5	beta
X1000101601.A6	ductal/mesench
X1000101601.B12	alpha
X1000101601.B2	alpha
X1000101601.B4	beta
X1000101601.B6	beta
X1000101601.B8	alpha
X1000101601.C12	ductal/mesench
X1000101601.C2	alpha
X1000101601.C5	alpha
X1000101601.C6	beta
X1000101601.C7	ductal/mesench
X1000101601.D10	alpha
X1000101601.D2	ductal/mesench
X1000101601.D4	beta
X1000101601.D5	alpha
X1000101601.D6	ductal/mesench
X1000101601.D7	beta
X1000101601.E1	delta
X1000101601.E11	alpha
X1000101601.E12	alpha
X1000101601.E2	delta
X1000101601.E4	ductal/mesench
X1000101601.E8	alpha
X1000101601.F1	ductal/mesench
X1000101601.F10	alpha
X1000101601.F11	alpha
X1000101601.F4	alpha
X1000101601.F7	ductal/mesench
X1000101601.F8	alpha
X1000101601.G10	alpha
X1000101601.G12	gamma
X1000101601.G2	alpha
X1000101601.G4	alpha
X1000101601.G5	alpha
X1000101601.G6	alpha
X1000101601.G9	alpha
X1000101601.H10	ductal/mesench
X1000101601.H4	alpha
X1000101601.H6	ductal/mesench
X1000101601.H9	ductal/mesench
X1000101602.A11	acinar
X1000101602.A2	ductal/mesench
X1000101602.A6	acinar
X1000101602.A9	acinar
X1000101602.B1	acinar
X1000101602.B10	acinar
X1000101602.B11	ductal/mesench
X1000101602.B6	acinar
X1000101602.B7	acinar
X1000101602.B8	ductal/mesench
X1000101602.B9	ductal/mesench
X1000101602.C10	ductal/mesench
X1000101602.C11	acinar
X1000101602.C12	acinar
X1000101602.C5	acinar
X1000101602.C6	acinar
X1000101602.C9	acinar
X1000101602.D11	acinar
X1000101602.D12	acinar
X1000101602.D2	acinar
X1000101602.D3	acinar
X1000101602.D4	acinar
X1000101602.D7	acinar
X1000101602.D8	ductal/mesench
X1000101602.D9	ductal/mesench
X1000101602.E1	ductal/mesench
X1000101602.E11	beta
X1000101602.E2	acinar
X1000101602.E5	acinar
X1000101602.F1	ductal/mesench
X1000101602.F11	acinar
X1000101602.F2	acinar
X1000101602.F3	acinar
X1000101602.F5	acinar
X1000101602.F8	acinar
X1000101602.G1	acinar
X1000101602.G3	acinar
X1000101602.G5	acinar
X1000101602.G6	ductal/mesench
X1000101602.G8	acinar
X1000101602.G9	acinar
X1000101602.H1	ductal/mesench
X1000101602.H11	ductal/mesench
X1000101602.H2	acinar
X1000101602.H3	ductal/mesench
X1000101602.H4	ductal/mesench
X1000101602.H5	acinar
X1000101602.H6	ductal/mesench
X1000101602.H9	acinar
X1000101603.A1	ductal/mesench
X1000101603.A10	ductal/mesench
X1000101603.A2	ductal/mesench
X1000101603.A3	ductal/mesench
X1000101603.A4	ductal/mesench
X1000101603.A5	ductal/mesench
X1000101603.A6	ductal/mesench
X1000101603.A8	ductal/mesench
X1000101603.A9	ductal/mesench
X1000101603.B10	ductal/mesench
X1000101603.B3	ductal/mesench
X1000101603.B5	ductal/mesench
X1000101603.B7	ductal/mesench
X1000101603.B8	ductal/mesench
X1000101603.C1	ductal/mesench
X1000101603.C2	ductal/mesench
X1000101603.C4	ductal/mesench
X1000101603.C6	ductal/mesench
X1000101603.C7	ductal/mesench
X1000101603.C9	ductal/mesench
X1000101603.D2	ductal/mesench
X1000101603.D5	ductal/mesench
X1000101603.D6	ductal/mesench
X1000101603.D7	ductal/mesench
X1000101603.D9	ductal/mesench
X1000101603.E1	ductal/mesench
X1000101603.E5	ductal/mesench
X1000101603.F1	ductal/mesench
X1000101603.F2	ductal/mesench
X1000101603.F4	ductal/mesench
X1000101603.F5	ductal/mesench
X1000101603.G1	ductal/mesench
X1000101603.G10	ductal/mesench
X1000101603.G5	ductal/mesench
X1000101603.G6	ductal/mesench
X1000101603.G7	ductal/mesench
X1000101603.G8	ductal/mesench
X1000101603.G9	ductal/mesench
X1000101603.H1	ductal/mesench
X1000101603.H2	ductal/mesench
X1000101603.H3	ductal/mesench
X1000101603.H5	ductal/mesench
X1000101603.H7	ductal/mesench
X1000101603.H8	ductal/mesench
X1000101603.H9	ductal/mesench
X1000101604.A11	beta
X1000101604.A12	alpha
X1000101604.A3	ductal/mesench
X1000101604.A4	ductal/mesench
X1000101604.A5	alpha
X1000101604.A9	beta
X1000101604.B11	alpha
X1000101604.B12	beta
X1000101604.B4	ductal/mesench
X1000101604.B5	alpha
X1000101604.B8	beta
X1000101604.C1	alpha
X1000101604.C12	alpha
X1000101604.C3	ductal/mesench
X1000101604.C4	delta
X1000101604.C7	ductal/mesench
X1000101604.C8	ductal/mesench
X1000101604.C9	alpha
X1000101604.D1	alpha
X1000101604.D12	delta
X1000101604.D2	delta
X1000101604.D7	ductal/mesench
X1000101604.D8	alpha
X1000101604.E7	alpha
X1000101604.E9	beta
X1000101604.F1	alpha
X1000101604.F10	alpha
X1000101604.F12	ductal/mesench
X1000101604.F3	alpha
X1000101604.F4	alpha
X1000101604.F5	delta
X1000101604.F6	beta
X1000101604.F7	ductal/mesench
X1000101604.G11	alpha
X1000101604.G3	beta
X1000101604.G8	alpha
X1000101604.G9	alpha
X1000101604.H2	beta
X1000101604.H4	ductal/mesench
X1000101604.H5	alpha
X1000101604.H6	ductal/mesench
X1000101604.H7	ductal/mesench
X1000101604.H9	beta
X1000101605.A11	beta
X1000101605.A12	alpha
X1000101605.A3	alpha
X1000101605.A7	ductal/mesench
X1000101605.B1	alpha
X1000101605.B2	acinar
X1000101605.B3	beta
X1000101605.B4	alpha
X1000101605.B7	beta
X1000101605.B8	beta
X1000101605.C10	alpha
X1000101605.C12	alpha
X1000101605.C8	beta
X1000101605.C9	beta
X1000101605.D10	ductal/mesench
X1000101605.D2	alpha
X1000101605.D3	alpha
X1000101605.D6	alpha
X1000101605.D8	alpha
X1000101605.E2	alpha
X1000101605.E3	alpha
X1000101605.E5	beta
X1000101605.E6	ductal/mesench
X1000101605.F2	alpha
X1000101605.F5	beta
X1000101605.G10	beta
X1000101605.G11	alpha
X1000101605.H1	alpha
X1000101605.H2	alpha
X1000101605.H3	ductal/mesench
X1000101605.H6	alpha
X1000101605.H7	ductal/mesench
X1000101605.H8	alpha
X1000101606.A1	acinar
X1000101606.A11	acinar
X1000101606.A3	acinar
X1000101606.A5	acinar
X1000101606.A7	acinar
X1000101606.A8	acinar
X1000101606.B1	acinar
X1000101606.B10	ductal/mesench
X1000101606.B11	acinar
X1000101606.B12	acinar
X1000101606.B2	acinar
X1000101606.B6	ductal/mesench
X1000101606.B7	acinar
X1000101606.B9	ductal/mesench
X1000101606.C10	acinar
X1000101606.C3	acinar
X1000101606.C7	acinar
X1000101606.C8	ductal/mesench
X1000101606.D1	acinar
X1000101606.D2	acinar
X1000101606.D5	acinar
X1000101606.D6	ductal/mesench
X1000101606.D8	acinar
X1000101606.E11	ductal/mesench
X1000101606.E12	acinar
X1000101606.E3	ductal/mesench
X1000101606.E5	acinar
X1000101606.E8	ductal/mesench
X1000101606.E9	acinar
X1000101606.F10	acinar
X1000101606.F11	beta
X1000101606.F6	acinar
X1000101606.G1	acinar
X1000101606.G11	acinar
X1000101606.G4	acinar
X1000101606.G6	acinar
X1000101606.G7	ductal/mesench
X1000101606.G9	acinar
X1000101606.H1	acinar
X1000101606.H10	acinar
X1000101606.H11	acinar
X1000101606.H2	ductal/mesench
X1000101606.H3	ductal/mesench
X1000101606.H5	ductal/mesench
X1000101606.H8	ductal/mesench
X1000101606.H9	ductal/mesench
X1000101607.A1	ductal/mesench
X1000101607.A12	acinar
X1000101607.A3	ductal/mesench
X1000101607.A4	acinar
X1000101607.A5	acinar
X1000101607.A6	acinar
X1000101607.B11	acinar
X1000101607.B4	beta
X1000101607.B5	acinar
X1000101607.B6	ductal/mesench
X1000101607.B8	acinar
X1000101607.B9	alpha
X1000101607.C1	ductal/mesench
X1000101607.C11	acinar
X1000101607.C12	acinar
X1000101607.C2	acinar
X1000101607.C3	acinar
X1000101607.C6	ductal/mesench
X1000101607.C7	acinar
X1000101607.D10	ductal/mesench
X1000101607.D11	ductal/mesench
X1000101607.D3	acinar
X1000101607.D8	ductal/mesench
X1000101607.E1	acinar
X1000101607.E10	acinar
X1000101607.E3	acinar
X1000101607.E4	ductal/mesench
X1000101607.E5	ductal/mesench
X1000101607.E7	acinar
X1000101607.E8	acinar
X1000101607.F10	acinar
X1000101607.F12	acinar
X1000101607.F2	ductal/mesench
X1000101607.F3	acinar
X1000101607.F6	alpha
X1000101607.G10	acinar
X1000101607.G4	acinar
X1000101607.G5	acinar
X1000101607.G6	acinar
X1000101607.H10	ductal/mesench
X1000101607.H2	acinar
X1000101607.H7	ductal/mesench
X1000101701.A10	beta
X1000101701.A11	alpha
X1000101701.A2	alpha
X1000101701.A3	alpha
X1000101701.A4	alpha
X1000101701.A5	alpha
X1000101701.A6	alpha
X1000101701.A7	alpha
X1000101701.A9	alpha
X1000101701.B10	alpha
X1000101701.B11	alpha
X1000101701.B12	alpha
X1000101701.B2	alpha
X1000101701.B3	alpha
X1000101701.B4	alpha
X1000101701.B5	beta
X1000101701.B6	alpha
X1000101701.B7	alpha
X1000101701.B9	beta
X1000101701.C10	alpha
X1000101701.C12	alpha
X1000101701.C2	alpha
X1000101701.C3	delta
X1000101701.C4	beta
X1000101701.C5	alpha
X1000101701.C6	beta
X1000101701.C7	alpha
X1000101701.C8	alpha
X1000101701.C9	alpha
X1000101701.D1	alpha
X1000101701.D10	alpha
X1000101701.D2	alpha
X1000101701.D3	delta
X1000101701.D4	delta
X1000101701.D5	alpha
X1000101701.D6	alpha
X1000101701.D7	alpha
X1000101701.D8	alpha
X1000101701.D9	alpha
X1000101701.E1	alpha
X1000101701.E11	delta
X1000101701.E12	alpha
X1000101701.E2	alpha
X1000101701.E3	alpha
X1000101701.E4	ductal/mesench
X1000101701.E5	alpha
X1000101701.E6	alpha
X1000101701.E7	alpha
X1000101701.E8	alpha
X1000101701.E9	beta
X1000101701.F1	alpha
X1000101701.F11	alpha
X1000101701.F12	alpha
X1000101701.F3	alpha
X1000101701.F4	alpha
X1000101701.F5	beta
X1000101701.F9	alpha
X1000101701.G1	beta
X1000101701.G10	alpha
X1000101701.G11	alpha
X1000101701.G12	alpha
X1000101701.G2	alpha
X1000101701.G3	alpha
X1000101701.G4	alpha
X1000101701.G5	alpha
X1000101701.G6	alpha
X1000101701.G7	alpha
X1000101701.G8	alpha
X1000101701.G9	alpha
X1000101701.H1	delta
X1000101701.H10	alpha
X1000101701.H11	alpha
X1000101701.H12	alpha
X1000101701.H2	alpha
X1000101701.H4	beta
X1000101701.H5	alpha
X1000101701.H6	alpha
X1000101701.H7	alpha
X1000101701.H8	alpha
X1000101701.H9	alpha
X1000101702.A1	alpha
X1000101702.A10	ductal/mesench
X1000101702.A11	acinar
X1000101702.A2	ductal/mesench
X1000101702.A3	alpha
X1000101702.A4	alpha
X1000101702.A6	alpha
X1000101702.A9	beta
X1000101702.B10	ductal/mesench
X1000101702.B3	acinar
X1000101702.B4	ductal/mesench
X1000101702.B7	beta
X1000101702.B8	gamma
X1000101702.B9	ductal/mesench
X1000101702.C10	alpha
X1000101702.C11	acinar
X1000101702.C12	ductal/mesench
X1000101702.C5	acinar
X1000101702.C6	acinar
X1000101702.C8	ductal/mesench
X1000101702.C9	ductal/mesench
X1000101702.D10	acinar
X1000101702.D12	ductal/mesench
X1000101702.D2	acinar
X1000101702.D4	ductal/mesench
X1000101702.D5	ductal/mesench
X1000101702.D9	acinar
X1000101702.E1	alpha
X1000101702.E11	alpha
X1000101702.E12	acinar
X1000101702.E2	acinar
X1000101702.E3	alpha
X1000101702.E5	ductal/mesench
X1000101702.E6	alpha
X1000101702.E8	gamma
X1000101702.F10	ductal/mesench
X1000101702.F12	alpha
X1000101702.F2	acinar
X1000101702.F3	acinar
X1000101702.F6	acinar
X1000101702.G10	gamma
X1000101702.G11	acinar
X1000101702.G2	gamma
X1000101702.G3	acinar
X1000101702.G4	acinar
X1000101702.G7	ductal/mesench
X1000101702.G8	acinar
X1000101702.G9	gamma
X1000101702.H1	acinar
X1000101702.H11	alpha
X1000101702.H4	ductal/mesench
X1000101702.H5	alpha
X1000101702.H7	acinar
X1000101703.A1	ductal/mesench
X1000101703.A10	ductal/mesench
X1000101703.A12	ductal/mesench
X1000101703.A2	ductal/mesench
X1000101703.A3	ductal/mesench
X1000101703.A6	ductal/mesench
X1000101703.A7	ductal/mesench
X1000101703.A9	ductal/mesench
X1000101703.B1	ductal/mesench
X1000101703.B10	ductal/mesench
X1000101703.B12	ductal/mesench
X1000101703.B2	ductal/mesench
X1000101703.B7	ductal/mesench
X1000101703.B8	ductal/mesench
X1000101703.B9	ductal/mesench
X1000101703.C10	ductal/mesench
X1000101703.C11	ductal/mesench
X1000101703.C2	ductal/mesench
X1000101703.C3	ductal/mesench
X1000101703.C4	ductal/mesench
X1000101703.C5	ductal/mesench
X1000101703.C7	ductal/mesench
X1000101703.C8	ductal/mesench
X1000101703.C9	ductal/mesench
X1000101703.D11	ductal/mesench
X1000101703.D2	ductal/mesench
X1000101703.D4	ductal/mesench
X1000101703.D5	ductal/mesench
X1000101703.D7	ductal/mesench
X1000101703.E1	ductal/mesench
X1000101703.E10	acinar
X1000101703.E12	ductal/mesench
X1000101703.E3	ductal/mesench
X1000101703.E4	ductal/mesench
X1000101703.E5	ductal/mesench
X1000101703.E6	ductal/mesench
X1000101703.E8	ductal/mesench
X1000101703.E9	ductal/mesench
X1000101703.F1	ductal/mesench
X1000101703.F10	ductal/mesench
X1000101703.F11	ductal/mesench
X1000101703.F2	ductal/mesench
X1000101703.F4	ductal/mesench
X1000101703.F5	ductal/mesench
X1000101703.F6	ductal/mesench
X1000101703.F7	ductal/mesench
X1000101703.G1	ductal/mesench
X1000101703.G12	ductal/mesench
X1000101703.G2	ductal/mesench
X1000101703.G4	ductal/mesench
X1000101703.G5	ductal/mesench
X1000101703.G6	ductal/mesench
X1000101703.G8	ductal/mesench
X1000101703.G9	ductal/mesench
X1000101703.H1	ductal/mesench
X1000101703.H11	ductal/mesench
X1000101703.H2	ductal/mesench
X1000101703.H4	ductal/mesench
X1000101703.H5	ductal/mesench
X1000101703.H6	ductal/mesench
X1000101703.H7	ductal/mesench
X1000101703.H8	ductal/mesench
X1000101704.A1	acinar
X1000101704.A10	alpha
X1000101704.A11	alpha
X1000101704.A12	beta
X1000101704.A2	alpha
X1000101704.A3	alpha
X1000101704.A4	alpha
X1000101704.A5	alpha
X1000101704.A7	alpha
X1000101704.A8	alpha
X1000101704.A9	beta
X1000101704.B1	alpha
X1000101704.B11	alpha
X1000101704.B2	alpha
X1000101704.B3	alpha
X1000101704.B4	alpha
X1000101704.B5	alpha
X1000101704.B6	delta
X1000101704.B7	alpha
X1000101704.B8	alpha
X1000101704.C1	alpha
X1000101704.C2	alpha
X1000101704.C3	alpha
X1000101704.C4	alpha
X1000101704.C5	alpha
X1000101704.C7	alpha
X1000101704.C8	alpha
X1000101704.C9	alpha
X1000101704.D1	alpha
X1000101704.D11	alpha
X1000101704.D12	alpha
X1000101704.D2	alpha
X1000101704.D3	alpha
X1000101704.D4	alpha
X1000101704.D5	alpha
X1000101704.D6	beta
X1000101704.D7	alpha
X1000101704.E1	beta
X1000101704.E10	alpha
X1000101704.E11	alpha
X1000101704.E12	alpha
X1000101704.E2	alpha
X1000101704.E3	alpha
X1000101704.E4	beta
X1000101704.E5	beta
X1000101704.E6	alpha
X1000101704.E7	alpha
X1000101704.E8	alpha
X1000101704.E9	beta
X1000101704.F1	alpha
X1000101704.F10	alpha
X1000101704.F11	alpha
X1000101704.F12	alpha
X1000101704.F2	alpha
X1000101704.F3	alpha
X1000101704.F4	alpha
X1000101704.F6	beta
X1000101704.F7	alpha
X1000101704.F8	alpha
X1000101704.G1	alpha
X1000101704.G10	alpha
X1000101704.G11	alpha
X1000101704.G12	alpha
X1000101704.G3	alpha
X1000101704.G5	alpha
X1000101704.G6	alpha
X1000101704.G7	alpha
X1000101704.G8	beta
X1000101704.G9	alpha
X1000101704.H1	alpha
X1000101704.H10	alpha
X1000101704.H11	delta
X1000101704.H12	alpha
X1000101704.H3	alpha
X1000101704.H4	alpha
X1000101704.H8	alpha
X1000101704.H9	alpha
X1000102201.A10	beta
X1000102201.A11	alpha
X1000102201.A12	alpha
X1000102201.A2	delta
X1000102201.A3	beta
X1000102201.A4	alpha
X1000102201.A5	alpha
X1000102201.A6	beta
X1000102201.A7	beta
X1000102201.A8	alpha
X1000102201.A9	alpha
X1000102201.B1	alpha
X1000102201.B10	beta
X1000102201.B11	alpha
X1000102201.B12	beta
X1000102201.B2	alpha
X1000102201.B3	beta
X1000102201.B4	beta
X1000102201.B5	alpha
X1000102201.B6	alpha
X1000102201.B7	alpha
X1000102201.B8	beta
X1000102201.B9	alpha
X1000102201.C1	alpha
X1000102201.C10	alpha
X1000102201.C11	alpha
X1000102201.C12	alpha
X1000102201.C2	alpha
X1000102201.C3	beta
X1000102201.C4	beta
X1000102201.C5	alpha
X1000102201.C6	alpha
X1000102201.C7	alpha
X1000102201.C8	beta
X1000102201.C9	alpha
X1000102201.D1	beta
X1000102201.D10	beta
X1000102201.D11	alpha
X1000102201.D12	beta
X1000102201.D2	alpha
X1000102201.D3	alpha
X1000102201.D5	alpha
X1000102201.D6	alpha
X1000102201.D7	beta
X1000102201.D8	beta
X1000102201.D9	alpha
X1000102201.E1	beta
X1000102201.E10	alpha
X1000102201.E11	beta
X1000102201.E12	alpha
X1000102201.E2	alpha
X1000102201.E3	beta
X1000102201.E4	alpha
X1000102201.E5	alpha
X1000102201.E7	beta
X1000102201.E8	alpha
X1000102201.E9	alpha
X1000102201.F1	alpha
X1000102201.F10	alpha
X1000102201.F11	alpha
X1000102201.F12	beta
X1000102201.F2	alpha
X1000102201.F3	beta
X1000102201.F4	beta
X1000102201.F5	alpha
X1000102201.F6	beta
X1000102201.F7	alpha
X1000102201.F8	beta
X1000102201.F9	alpha
X1000102201.G1	alpha
X1000102201.G10	alpha
X1000102201.G11	beta
X1000102201.G12	beta
X1000102201.G2	alpha
X1000102201.G3	alpha
X1000102201.G5	alpha
X1000102201.G6	alpha
X1000102201.G7	beta
X1000102201.G8	alpha
X1000102201.G9	alpha
X1000102201.H10	beta
X1000102201.H11	alpha
X1000102201.H2	beta
X1000102201.H3	beta
X1000102201.H4	alpha
X1000102201.H5	alpha
X1000102201.H6	beta
X1000102201.H7	alpha
X1000102201.H8	beta
X1000102201.H9	beta
X1000102202.A1	ductal/mesench
X1000102202.A10	ductal/mesench
X1000102202.A11	acinar
X1000102202.A12	acinar
X1000102202.A2	ductal/mesench
X1000102202.A3	alpha
X1000102202.A5	gamma
X1000102202.A6	alpha
X1000102202.A8	alpha
X1000102202.A9	acinar
X1000102202.B1	alpha
X1000102202.B10	beta
X1000102202.B11	ductal/mesench
X1000102202.B12	ductal/mesench
X1000102202.B2	alpha
X1000102202.B3	acinar
X1000102202.B5	alpha
X1000102202.B6	alpha
X1000102202.B7	alpha
X1000102202.C10	acinar
X1000102202.C11	acinar
X1000102202.C12	ductal/mesench
X1000102202.C2	ductal/mesench
X1000102202.C3	ductal/mesench
X1000102202.C4	alpha
X1000102202.C5	acinar
X1000102202.C6	ductal/mesench
X1000102202.C7	acinar
X1000102202.C8	acinar
X1000102202.C9	alpha
X1000102202.D1	ductal/mesench
X1000102202.D10	acinar
X1000102202.D11	acinar
X1000102202.D12	ductal/mesench
X1000102202.D2	acinar
X1000102202.D3	acinar
X1000102202.D4	alpha
X1000102202.D6	ductal/mesench
X1000102202.D7	gamma
X1000102202.D8	acinar
X1000102202.D9	acinar
X1000102202.E1	acinar
X1000102202.E10	acinar
X1000102202.E11	alpha
X1000102202.E2	acinar
X1000102202.E3	acinar
X1000102202.E4	acinar
X1000102202.E5	beta
X1000102202.E7	alpha
X1000102202.E8	delta
X1000102202.E9	alpha
X1000102202.F1	ductal/mesench
X1000102202.F10	alpha
X1000102202.F11	ductal/mesench
X1000102202.F12	acinar
X1000102202.F2	acinar
X1000102202.F3	beta
X1000102202.F6	beta
X1000102202.F7	acinar
X1000102202.F8	ductal/mesench
X1000102202.G1	beta
X1000102202.G10	alpha
X1000102202.G11	acinar
X1000102202.G12	alpha
X1000102202.G2	acinar
X1000102202.G3	acinar
X1000102202.G7	alpha
X1000102202.G8	acinar
X1000102202.H1	beta
X1000102202.H11	gamma
X1000102202.H2	acinar
X1000102202.H3	ductal/mesench
X1000102202.H4	ductal/mesench
X1000102202.H7	acinar
X1000102202.H8	gamma
X1000102202.H9	ductal/mesench
X1000102501.A10	alpha
X1000102501.A12	beta
X1000102501.B1	acinar
X1000102501.B10	alpha
X1000102501.B11	beta
X1000102501.B12	beta
X1000102501.B2	ductal/mesench
X1000102501.B3	alpha
X1000102501.B6	acinar
X1000102501.B7	acinar
X1000102501.C1	acinar
X1000102501.C10	gamma
X1000102501.C12	ductal/mesench
X1000102501.C3	alpha
X1000102501.C4	alpha
X1000102501.C7	ductal/mesench
X1000102501.C8	ductal/mesench
X1000102501.D1	alpha
X1000102501.D12	beta
X1000102501.D2	alpha
X1000102501.D3	alpha
X1000102501.D5	alpha
X1000102501.D6	alpha
X1000102501.D9	acinar
X1000102501.E1	beta
X1000102501.E10	ductal/mesench
X1000102501.E11	acinar
X1000102501.E12	acinar
X1000102501.E2	alpha
X1000102501.E3	alpha
X1000102501.E5	alpha
X1000102501.E6	beta
X1000102501.E7	alpha
X1000102501.E8	ductal/mesench
X1000102501.E9	ductal/mesench
X1000102501.F10	gamma
X1000102501.F11	acinar
X1000102501.F2	beta
X1000102501.F3	acinar
X1000102501.F4	acinar
X1000102501.F7	alpha
X1000102501.G11	acinar
X1000102501.G5	ductal/mesench
X1000102501.H11	beta
X1000102501.H3	alpha
X1000102501.H6	alpha
X1000102501.H8	gamma
X1000102501.H9	acinar
X1000102502.A1	gamma
X1000102502.A11	acinar
X1000102502.A12	acinar
X1000102502.A6	acinar
X1000102502.B11	beta
X1000102502.B2	alpha
X1000102502.B6	acinar
X1000102502.B9	ductal/mesench
X1000102502.C1	alpha
X1000102502.C10	acinar
X1000102502.C2	alpha
X1000102502.C3	acinar
X1000102502.C9	acinar
X1000102502.D10	alpha
X1000102502.D12	alpha
X1000102502.D3	ductal/mesench
X1000102502.D4	beta
X1000102502.D5	alpha
X1000102502.D6	alpha
X1000102502.D7	alpha
X1000102502.D8	alpha
X1000102502.E3	alpha
X1000102502.E5	acinar
X1000102502.F1	acinar
X1000102502.F12	acinar
X1000102502.F4	acinar
X1000102502.F7	delta
X1000102502.F9	ductal/mesench
X1000102502.G10	acinar
X1000102502.G11	ductal/mesench
X1000102502.G12	beta
X1000102502.G3	alpha
X1000102502.G5	alpha
X1000102502.G6	acinar
X1000102502.G7	beta
X1000102502.G8	acinar
X1000102502.H2	gamma
X1000102502.H3	alpha
X1000102502.H4	alpha
X1000102502.H5	beta
X1000102502.H7	alpha
X1000102502.H8	ductal/mesench
X1000102503.A1	beta
X1000102503.A12	alpha
X1000102503.A3	ductal/mesench
X1000102503.A8	ductal/mesench
X1000102503.B1	ductal/mesench
X1000102503.B11	alpha
X1000102503.B2	alpha
X1000102503.B3	alpha
X1000102503.B4	ductal/mesench
X1000102503.B5	gamma
X1000102503.B6	alpha
X1000102503.B8	acinar
X1000102503.C1	alpha
X1000102503.C10	acinar
X1000102503.C11	alpha
X1000102503.C6	ductal/mesench
X1000102503.C7	acinar
X1000102503.D12	acinar
X1000102503.D2	ductal/mesench
X1000102503.D3	acinar
X1000102503.D5	acinar
X1000102503.D7	alpha
X1000102503.E4	beta
X1000102503.E6	ductal/mesench
X1000102503.E8	alpha
X1000102503.E9	alpha
X1000102503.F10	alpha
X1000102503.F2	acinar
X1000102503.F4	alpha
X1000102503.F6	beta
X1000102503.F8	alpha
X1000102503.F9	alpha
X1000102503.G1	alpha
X1000102503.G10	delta
X1000102503.G12	alpha
X1000102503.G2	alpha
X1000102503.G3	alpha
X1000102503.G5	alpha
X1000102503.G6	alpha
X1000102503.G8	alpha
X1000102503.H1	alpha
X1000102503.H10	alpha
X1000102503.H2	alpha
X1000102503.H7	alpha
X1000102503.H9	alpha
X1000102504.A1	alpha
X1000102504.A10	alpha
X1000102504.A12	alpha
X1000102504.A3	alpha
X1000102504.A4	alpha
X1000102504.A5	alpha
X1000102504.A6	alpha
X1000102504.A7	alpha
X1000102504.A9	alpha
X1000102504.B1	alpha
X1000102504.B10	alpha
X1000102504.B11	alpha
X1000102504.B12	alpha
X1000102504.B2	alpha
X1000102504.B4	alpha
X1000102504.B5	alpha
X1000102504.B6	alpha
X1000102504.B8	alpha
X1000102504.B9	alpha
X1000102504.C1	alpha
X1000102504.C10	alpha
X1000102504.C11	alpha
X1000102504.C12	alpha
X1000102504.C2	beta
X1000102504.C4	alpha
X1000102504.C5	alpha
X1000102504.C6	alpha
X1000102504.C7	alpha
X1000102504.D10	alpha
X1000102504.D11	alpha
X1000102504.D12	alpha
X1000102504.D3	alpha
X1000102504.D4	alpha
X1000102504.D5	alpha
X1000102504.D6	alpha
X1000102504.D7	alpha
X1000102504.D8	alpha
X1000102504.D9	alpha
X1000102504.E1	alpha
X1000102504.E10	alpha
X1000102504.E11	alpha
X1000102504.E12	alpha
X1000102504.E2	alpha
X1000102504.E3	alpha
X1000102504.E4	beta
X1000102504.E5	alpha
X1000102504.E7	alpha
X1000102504.E9	alpha
X1000102504.F1	alpha
X1000102504.F10	alpha
X1000102504.F11	alpha
X1000102504.F12	alpha
X1000102504.F2	alpha
X1000102504.F3	alpha
X1000102504.F4	alpha
X1000102504.F5	alpha
X1000102504.F6	alpha
X1000102504.F7	alpha
X1000102504.F8	alpha
X1000102504.F9	alpha
X1000102504.G10	alpha
X1000102504.G11	alpha
X1000102504.G12	alpha
X1000102504.G3	alpha
X1000102504.G4	alpha
X1000102504.G5	alpha
X1000102504.G6	alpha
X1000102504.H1	alpha
X1000102504.H11	alpha
X1000102504.H2	alpha
X1000102504.H3	alpha
X1000102504.H4	alpha
X1000102504.H5	alpha
X1000102504.H6	alpha
X1000102504.H7	alpha
X1000102504.H8	alpha
X1000102505.A12	alpha
X1000102505.A4	alpha
X1000102505.A6	alpha
X1000102505.A8	alpha
X1000102505.A9	alpha
X1000102505.B10	alpha
X1000102505.B12	alpha
X1000102505.B2	alpha
X1000102505.B4	alpha
X1000102505.B8	alpha
X1000102505.C12	alpha
X1000102505.C7	alpha
X1000102505.C8	alpha
X1000102505.C9	alpha
X1000102505.D1	alpha
X1000102505.D10	alpha
X1000102505.D11	alpha
X1000102505.D12	alpha
X1000102505.D2	alpha
X1000102505.D3	alpha
X1000102505.D5	alpha
X1000102505.D7	alpha
X1000102505.D8	beta
X1000102505.E10	alpha
X1000102505.E11	alpha
X1000102505.E5	alpha
X1000102505.E6	alpha
X1000102505.E7	alpha
X1000102505.E8	alpha
X1000102505.F2	alpha
X1000102505.F6	alpha
X1000102505.G1	beta
X1000102505.G2	alpha
X1000102505.G3	alpha
X1000102505.G7	alpha
X1000102505.H10	alpha
X1000102505.H2	alpha
X1000102505.H5	alpha
X1000102505.H7	alpha
X1000102505.H8	alpha
X1000102505.H9	alpha
X1000102801.A10	alpha
X1000102801.A3	ductal/mesench
X1000102801.A4	beta
X1000102801.A5	alpha
X1000102801.A6	ductal/mesench
X1000102801.A7	ductal/mesench
X1000102801.A8	beta
X1000102801.A9	beta
X1000102801.B10	alpha
X1000102801.B11	ductal/mesench
X1000102801.B3	alpha
X1000102801.B8	alpha
X1000102801.C1	alpha
X1000102801.C10	acinar
X1000102801.C12	alpha
X1000102801.C2	alpha
X1000102801.C4	ductal/mesench
X1000102801.C5	beta
X1000102801.D1	alpha
X1000102801.D12	alpha
X1000102801.D3	beta
X1000102801.D5	alpha
X1000102801.D6	alpha
X1000102801.D7	alpha
X1000102801.D8	beta
X1000102801.D9	ductal/mesench
X1000102801.E11	alpha
X1000102801.E12	alpha
X1000102801.E5	alpha
X1000102801.E6	alpha
X1000102801.E7	delta
X1000102801.F10	ductal/mesench
X1000102801.F11	acinar
X1000102801.F4	ductal/mesench
X1000102801.F5	alpha
X1000102801.F9	alpha
X1000102801.G10	beta
X1000102801.G11	alpha
X1000102801.G12	alpha
X1000102801.G2	beta
X1000102801.G7	alpha
X1000102801.H11	alpha
X1000102801.H6	gamma
X1000102802.A1	beta
X1000102802.A11	beta
X1000102802.A12	alpha
X1000102802.A2	alpha
X1000102802.A3	beta
X1000102802.A4	beta
X1000102802.A5	alpha
X1000102802.A7	beta
X1000102802.A8	beta
X1000102802.B1	beta
X1000102802.B11	beta
X1000102802.B12	beta
X1000102802.B2	alpha
X1000102802.B3	alpha
X1000102802.B4	alpha
X1000102802.B5	delta
X1000102802.B6	delta
X1000102802.B7	alpha
X1000102802.B8	alpha
X1000102802.B9	beta
X1000102802.C1	alpha
X1000102802.C10	beta
X1000102802.C12	beta
X1000102802.C2	alpha
X1000102802.C3	alpha
X1000102802.C4	alpha
X1000102802.C5	alpha
X1000102802.C6	beta
X1000102802.C7	alpha
X1000102802.C8	alpha
X1000102802.C9	beta
X1000102802.D1	alpha
X1000102802.D12	alpha
X1000102802.D2	beta
X1000102802.D3	alpha
X1000102802.D4	alpha
X1000102802.D5	alpha
X1000102802.D6	alpha
X1000102802.D8	alpha
X1000102802.D9	alpha
X1000102802.E1	alpha
X1000102802.E10	beta
X1000102802.E11	alpha
X1000102802.E12	alpha
X1000102802.E2	alpha
X1000102802.E3	alpha
X1000102802.E4	alpha
X1000102802.E5	beta
X1000102802.E6	beta
X1000102802.E8	alpha
X1000102802.E9	beta
X1000102802.F1	beta
X1000102802.F10	alpha
X1000102802.F12	alpha
X1000102802.F2	beta
X1000102802.F3	alpha
X1000102802.F4	beta
X1000102802.F5	alpha
X1000102802.F6	beta
X1000102802.F7	beta
X1000102802.F8	alpha
X1000102802.F9	beta
X1000102802.G1	beta
X1000102802.G10	alpha
X1000102802.G11	alpha
X1000102802.G12	beta
X1000102802.G2	alpha
X1000102802.G4	beta
X1000102802.G5	alpha
X1000102802.G6	alpha
X1000102802.G7	alpha
X1000102802.G8	alpha
X1000102802.G9	alpha
X1000102802.H10	alpha
X1000102802.H11	beta
X1000102802.H2	beta
X1000102802.H3	beta
X1000102802.H4	beta
X1000102802.H7	alpha
X1000102802.H8	beta
X1000102802.H9	alpha
X1000102803.A10	delta
X1000102803.A12	ductal/mesench
X1000102803.A2	ductal/mesench
X1000102803.A3	alpha
X1000102803.A4	delta
X1000102803.A7	ductal/mesench
X1000102803.A9	alpha
X1000102803.B10	alpha
X1000102803.B11	ductal/mesench
X1000102803.B12	alpha
X1000102803.B2	alpha
X1000102803.B3	ductal/mesench
X1000102803.B4	beta
X1000102803.B7	gamma
X1000102803.B9	ductal/mesench
X1000102803.C1	beta
X1000102803.C10	delta
X1000102803.C12	ductal/mesench
X1000102803.C3	alpha
X1000102803.C4	beta
X1000102803.C5	alpha
X1000102803.C6	alpha
X1000102803.C7	ductal/mesench
X1000102803.C8	ductal/mesench
X1000102803.D1	ductal/mesench
X1000102803.D12	ductal/mesench
X1000102803.D3	ductal/mesench
X1000102803.D4	alpha
X1000102803.D9	beta
X1000102803.E1	ductal/mesench
X1000102803.E2	beta
X1000102803.E6	ductal/mesench
X1000102803.E7	alpha
X1000102803.F1	beta
X1000102803.F10	ductal/mesench
X1000102803.F11	alpha
X1000102803.F2	ductal/mesench
X1000102803.F4	alpha
X1000102803.F7	ductal/mesench
X1000102803.F8	alpha
X1000102803.F9	acinar
X1000102803.G10	gamma
X1000102803.G11	delta
X1000102803.G12	beta
X1000102803.G2	acinar
X1000102803.G3	alpha
X1000102803.G5	acinar
X1000102803.G6	alpha
X1000102803.G8	acinar
X1000102803.G9	ductal/mesench
X1000102803.H10	delta
X1000102803.H2	ductal/mesench
X1000102803.H4	alpha
X1000102803.H7	ductal/mesench
X1000102803.H8	beta
X1000102803.H9	alpha
X1000102804.A1	alpha
X1000102804.A10	alpha
X1000102804.A12	alpha
X1000102804.A3	beta
X1000102804.A5	alpha
X1000102804.A6	alpha
X1000102804.A7	delta
X1000102804.A8	alpha
X1000102804.B1	beta
X1000102804.B10	alpha
X1000102804.B11	alpha
X1000102804.B12	alpha
X1000102804.B2	alpha
X1000102804.B3	alpha
X1000102804.B4	alpha
X1000102804.B5	alpha
X1000102804.B6	beta
X1000102804.B7	alpha
X1000102804.B8	alpha
X1000102804.B9	alpha
X1000102804.C10	alpha
X1000102804.C11	alpha
X1000102804.C12	delta
X1000102804.C2	alpha
X1000102804.C3	beta
X1000102804.C4	alpha
X1000102804.C5	alpha
X1000102804.C7	alpha
X1000102804.C8	beta
X1000102804.C9	alpha
X1000102804.D10	alpha
X1000102804.D11	beta
X1000102804.D3	beta
X1000102804.D4	alpha
X1000102804.D5	beta
X1000102804.D6	beta
X1000102804.D7	alpha
X1000102804.D8	alpha
X1000102804.D9	alpha
X1000102804.E1	beta
X1000102804.E10	alpha
X1000102804.E11	alpha
X1000102804.E12	alpha
X1000102804.E2	beta
X1000102804.E3	alpha
X1000102804.E4	alpha
X1000102804.E5	alpha
X1000102804.E6	alpha
X1000102804.E7	alpha
X1000102804.E8	alpha
X1000102804.F10	alpha
X1000102804.F11	alpha
X1000102804.F12	beta
X1000102804.F2	alpha
X1000102804.F3	alpha
X1000102804.F4	alpha
X1000102804.F5	beta
X1000102804.F6	alpha
X1000102804.F7	alpha
X1000102804.F8	alpha
X1000102804.F9	alpha
X1000102804.G1	alpha
X1000102804.G11	alpha
X1000102804.G12	alpha
X1000102804.G3	alpha
X1000102804.G4	beta
X1000102804.H1	alpha
X1000102804.H10	alpha
X1000102804.H11	beta
X1000102804.H2	alpha
X1000102804.H3	alpha
X1000102804.H5	beta
X1000102804.H6	beta
X1000102804.H7	alpha
X1000102804.H8	alpha
X1000102804.H9	alpha
X1000103001.G12	alpha
X1000103001.H1	alpha
X1000103001.H4	alpha
X1000103002.A1	alpha
X1000103002.A10	alpha
X1000103002.A2	alpha
X1000103002.A3	alpha
X1000103002.A4	alpha
X1000103002.A5	alpha
X1000103002.A7	alpha
X1000103002.A9	alpha
X1000103002.B1	alpha
X1000103002.B11	alpha
X1000103002.B12	alpha
X1000103002.B2	alpha
X1000103002.B3	alpha
X1000103002.B4	alpha
X1000103002.B5	alpha
X1000103002.B6	alpha
X1000103002.B8	alpha
X1000103002.C1	alpha
X1000103002.C10	alpha
X1000103002.C12	beta
X1000103002.C2	alpha
X1000103002.C5	alpha
X1000103002.C6	alpha
X1000103002.C7	alpha
X1000103002.C9	alpha
X1000103002.D10	alpha
X1000103002.D11	alpha
X1000103002.D12	alpha
X1000103002.D3	alpha
X1000103002.D5	gamma
X1000103002.D6	acinar
X1000103002.D7	alpha
X1000103002.D9	alpha
X1000103002.E11	alpha
X1000103002.E12	alpha
X1000103002.E3	alpha
X1000103002.E5	alpha
X1000103002.E7	alpha
X1000103002.E8	alpha
X1000103002.E9	alpha
X1000103002.F1	alpha
X1000103002.F11	alpha
X1000103002.F12	alpha
X1000103002.F5	alpha
X1000103002.F7	alpha
X1000103002.G11	alpha
X1000103002.G3	alpha
X1000103002.G6	alpha
X1000103002.G8	alpha
X1000103002.H10	alpha
X1000103002.H2	alpha
X1000103002.H3	alpha
X1000103002.H5	alpha
X1000103002.H7	alpha
X1000103002.H9	alpha
X1000103003.A2	ductal/mesench
X1000103003.A3	ductal/mesench
X1000103003.A5	alpha
X1000103003.A6	ductal/mesench
X1000103003.A9	acinar
X1000103003.B4	ductal/mesench
X1000103003.B6	ductal/mesench
X1000103003.B7	ductal/mesench
X1000103003.B8	ductal/mesench
X1000103003.C10	ductal/mesench
X1000103003.C11	ductal/mesench
X1000103003.C3	alpha
X1000103003.C7	acinar
X1000103003.C8	ductal/mesench
X1000103003.C9	ductal/mesench
X1000103003.D1	ductal/mesench
X1000103003.D10	alpha
X1000103003.D4	alpha
X1000103003.D5	acinar
X1000103003.D7	ductal/mesench
X1000103003.D8	alpha
X1000103003.E11	ductal/mesench
X1000103003.E2	alpha
X1000103003.E5	alpha
X1000103003.E7	acinar
X1000103003.F1	ductal/mesench
X1000103003.F10	alpha
X1000103003.F2	alpha
X1000103003.F4	acinar
X1000103003.F6	alpha
X1000103003.F7	ductal/mesench
X1000103003.G1	acinar
X1000103003.G3	ductal/mesench
X1000103003.G6	ductal/mesench
X1000103003.H1	ductal/mesench
X1000103003.H3	ductal/mesench
X1000103004.A4	alpha
X1000103004.A8	acinar
X1000103004.B10	alpha
X1000103004.B12	alpha
X1000103004.B2	alpha
X1000103004.B3	acinar
X1000103004.B5	alpha
X1000103004.B6	beta
X1000103004.B7	alpha
X1000103004.B8	ductal/mesench
X1000103004.C10	alpha
X1000103004.C3	beta
X1000103004.C4	alpha
X1000103004.C5	acinar
X1000103004.C7	acinar
X1000103004.D12	ductal/mesench
X1000103004.D2	alpha
X1000103004.D3	alpha
X1000103004.D5	delta
X1000103004.D7	alpha
X1000103004.D8	alpha
X1000103004.E1	ductal/mesench
X1000103004.E11	alpha
X1000103004.E12	acinar
X1000103004.E2	alpha
X1000103004.E6	alpha
X1000103004.E8	acinar
X1000103004.F11	alpha
X1000103004.F3	acinar
X1000103004.F6	acinar
X1000103004.F7	ductal/mesench
X1000103004.F8	alpha
X1000103004.F9	alpha
X1000103004.G1	alpha
X1000103004.G11	beta
X1000103004.G12	alpha
X1000103004.G3	beta
X1000103004.G6	ductal/mesench
X1000103004.G7	alpha
X1000103004.G8	alpha
X1000103004.G9	acinar
X1000103004.H1	alpha
X1000103004.H11	alpha
X1000103004.H3	alpha
X1000103004.H4	ductal/mesench
X1000103004.H9	acinar
X1000103005.A1	ductal/mesench
X1000103005.A12	acinar
X1000103005.A3	beta
X1000103005.A7	beta
X1000103005.A9	ductal/mesench
X1000103005.B12	alpha
X1000103005.B2	ductal/mesench
X1000103005.B3	alpha
X1000103005.B4	alpha
X1000103005.B5	ductal/mesench
X1000103005.B6	acinar
X1000103005.B7	alpha
X1000103005.B8	alpha
X1000103005.B9	alpha
X1000103005.C1	alpha
X1000103005.C11	alpha
X1000103005.C12	alpha
X1000103005.C2	alpha
X1000103005.C3	alpha
X1000103005.C4	ductal/mesench
X1000103005.C5	alpha
X1000103005.C8	alpha
X1000103005.D10	alpha
X1000103005.D11	alpha
X1000103005.D12	ductal/mesench
X1000103005.D3	ductal/mesench
X1000103005.D4	ductal/mesench
X1000103005.D6	alpha
X1000103005.D7	alpha
X1000103005.D8	alpha
X1000103005.D9	alpha
X1000103005.E10	alpha
X1000103005.E12	acinar
X1000103005.E3	ductal/mesench
X1000103005.E4	ductal/mesench
X1000103005.E5	alpha
X1000103005.E8	alpha
X1000103005.F10	ductal/mesench
X1000103005.F3	delta
X1000103005.F4	ductal/mesench
X1000103005.F5	ductal/mesench
X1000103005.G1	beta
X1000103005.G11	alpha
X1000103005.G2	alpha
X1000103005.G5	alpha
X1000103005.G7	alpha
X1000103005.H3	acinar
X1000103005.H4	alpha
X1000103005.H7	alpha
X1000103005.H9	gamma
X1000103101.A10	alpha
X1000103101.A11	alpha
X1000103101.A12	alpha
X1000103101.A4	alpha
X1000103101.A5	alpha
X1000103101.A6	alpha
X1000103101.A7	alpha
X1000103101.A8	alpha
X1000103101.A9	alpha
X1000103101.B1	beta
X1000103101.B10	alpha
X1000103101.B11	delta
X1000103101.B2	alpha
X1000103101.B3	alpha
X1000103101.B4	alpha
X1000103101.B5	gamma
X1000103101.B6	alpha
X1000103101.B8	alpha
X1000103101.B9	alpha
X1000103101.C10	alpha
X1000103101.C11	alpha
X1000103101.C12	beta
X1000103101.C2	gamma
X1000103101.C3	alpha
X1000103101.C4	alpha
X1000103101.C5	gamma
X1000103101.C6	beta
X1000103101.C7	gamma
X1000103101.C8	alpha
X1000103101.C9	alpha
X1000103101.D12	alpha
X1000103101.D2	alpha
X1000103101.D3	beta
X1000103101.D4	ductal/mesench
X1000103101.D5	alpha
X1000103101.D6	beta
X1000103101.D7	alpha
X1000103101.D8	alpha
X1000103101.E10	alpha
X1000103101.E11	beta
X1000103101.E12	alpha
X1000103101.E2	alpha
X1000103101.E4	alpha
X1000103101.E5	alpha
X1000103101.E6	alpha
X1000103101.E7	alpha
X1000103101.E8	alpha
X1000103101.E9	beta
X1000103101.F1	beta
X1000103101.F10	beta
X1000103101.F11	alpha
X1000103101.F12	alpha
X1000103101.F2	alpha
X1000103101.F3	alpha
X1000103101.F4	alpha
X1000103101.F5	alpha
X1000103101.F6	alpha
X1000103101.F7	alpha
X1000103101.F8	alpha
X1000103101.F9	alpha
X1000103101.G1	alpha
X1000103101.G10	alpha
X1000103101.G11	alpha
X1000103101.G12	beta
X1000103101.G2	alpha
X1000103101.G3	alpha
X1000103101.G5	gamma
X1000103101.G6	alpha
X1000103101.G7	beta
X1000103101.G8	alpha
X1000103101.G9	alpha
X1000103101.H1	alpha
X1000103101.H10	alpha
X1000103101.H11	alpha
X1000103101.H2	alpha
X1000103101.H3	alpha
X1000103101.H4	alpha
X1000103101.H6	beta
X1000103101.H7	alpha
X1000103101.H9	alpha
X1000103102.A1	alpha
X1000103102.A10	beta
X1000103102.A11	alpha
X1000103102.A12	alpha
X1000103102.A2	beta
X1000103102.A3	alpha
X1000103102.A4	beta
X1000103102.A5	beta
X1000103102.A6	alpha
X1000103102.A7	alpha
X1000103102.A8	alpha
X1000103102.A9	alpha
X1000103102.B1	beta
X1000103102.B10	alpha
X1000103102.B11	alpha
X1000103102.B12	alpha
X1000103102.B2	alpha
X1000103102.B3	gamma
X1000103102.B4	alpha
X1000103102.B5	alpha
X1000103102.B6	alpha
X1000103102.B7	alpha
X1000103102.B8	beta
X1000103102.B9	alpha
X1000103102.C1	alpha
X1000103102.C12	alpha
X1000103102.C2	alpha
X1000103102.C3	alpha
X1000103102.C4	alpha
X1000103102.C5	alpha
X1000103102.C6	alpha
X1000103102.C7	alpha
X1000103102.C9	beta
X1000103102.D1	alpha
X1000103102.D10	beta
X1000103102.D11	alpha
X1000103102.D12	alpha
X1000103102.D2	alpha
X1000103102.D3	alpha
X1000103102.D4	alpha
X1000103102.D5	beta
X1000103102.D6	alpha
X1000103102.D7	alpha
X1000103102.D8	alpha
X1000103102.D9	alpha
X1000103102.E1	beta
X1000103102.E10	alpha
X1000103102.E12	alpha
X1000103102.E2	alpha
X1000103102.E3	alpha
X1000103102.E4	alpha
X1000103102.E5	alpha
X1000103102.E6	beta
X1000103102.E7	alpha
X1000103102.E8	alpha
X1000103102.F1	alpha
X1000103102.F10	alpha
X1000103102.F11	beta
X1000103102.F12	beta
X1000103102.F2	alpha
X1000103102.F3	beta
X1000103102.F5	alpha
X1000103102.F6	alpha
X1000103102.F7	alpha
X1000103102.F8	alpha
X1000103102.F9	alpha
X1000103102.G1	alpha
X1000103102.G11	alpha
X1000103102.G12	beta
X1000103102.G2	beta
X1000103102.G3	alpha
X1000103102.G4	ductal/mesench
X1000103102.G5	alpha
X1000103102.G6	alpha
X1000103102.G7	beta
X1000103102.G8	alpha
X1000103102.G9	beta
X1000103102.H1	alpha
X1000103102.H2	alpha
X1000103102.H3	beta
X1000103102.H4	alpha
X1000103102.H5	alpha
X1000103102.H6	alpha
X1000103102.H7	alpha
X1000103102.H8	beta
X1000103102.H9	alpha
X1000103103.A1	alpha
X1000103103.A10	alpha
X1000103103.A11	delta
X1000103103.A12	alpha
X1000103103.A2	gamma
X1000103103.A4	alpha
X1000103103.A5	beta
X1000103103.A6	gamma
X1000103103.A7	alpha
X1000103103.A9	alpha
X1000103103.B1	alpha
X1000103103.B11	alpha
X1000103103.B12	alpha
X1000103103.B2	alpha
X1000103103.B3	alpha
X1000103103.B4	beta
X1000103103.B5	beta
X1000103103.B6	alpha
X1000103103.B7	ductal/mesench
X1000103103.B8	alpha
X1000103103.B9	ductal/mesench
X1000103103.C1	beta
X1000103103.C10	beta
X1000103103.C11	beta
X1000103103.C12	alpha
X1000103103.C2	gamma
X1000103103.C3	alpha
X1000103103.C4	beta
X1000103103.C5	alpha
X1000103103.C6	ductal/mesench
X1000103103.C7	alpha
X1000103103.C8	beta
X1000103103.C9	acinar
X1000103103.D1	ductal/mesench
X1000103103.D10	alpha
X1000103103.D11	alpha
X1000103103.D2	alpha
X1000103103.D4	alpha
X1000103103.D5	alpha
X1000103103.D6	beta
X1000103103.D7	beta
X1000103103.D8	ductal/mesench
X1000103103.D9	alpha
X1000103103.E1	alpha
X1000103103.E11	gamma
X1000103103.E12	alpha
X1000103103.E2	alpha
X1000103103.E3	ductal/mesench
X1000103103.E4	gamma
X1000103103.E5	alpha
X1000103103.E7	alpha
X1000103103.E8	alpha
X1000103103.E9	gamma
X1000103103.F1	alpha
X1000103103.F10	alpha
X1000103103.F11	alpha
X1000103103.F12	alpha
X1000103103.F2	beta
X1000103103.F3	alpha
X1000103103.F4	alpha
X1000103103.F5	ductal/mesench
X1000103103.F6	alpha
X1000103103.F7	acinar
X1000103103.F8	ductal/mesench
X1000103103.F9	alpha
X1000103103.G1	alpha
X1000103103.G10	gamma
X1000103103.G11	alpha
X1000103103.G12	alpha
X1000103103.G2	ductal/mesench
X1000103103.G3	alpha
X1000103103.G4	alpha
X1000103103.G5	beta
X1000103103.G6	alpha
X1000103103.G7	alpha
X1000103103.G8	alpha
X1000103103.H1	ductal/mesench
X1000103103.H10	alpha
X1000103103.H3	alpha
X1000103103.H5	alpha
X1000103103.H6	alpha
X1000103103.H7	alpha
X1000103103.H8	alpha
